name,location,namespace
_ZN18CTRPluginFramework9PrivColor7_formatE,00000000,
shift,00000000,
,00000000,
_TLS_MODULE_BASE_,00000000,
_ZN18CTRPluginFramework9PrivColor13ToFramebufferE,00000004,
_ZN18CTRPluginFramework9PrivColor15FromFramebufferE,00000008,
__tls_guard,0000000c,
_ZN18CTRPluginFramework9PrivColor10_clampAreaE,00000010,
_ZN18CTRPluginFramework9PrivColor9_useClampE,00000020,
_ZN18CTRPluginFramework8Renderer16_rendererContextE,00000024,
_start,07000100,
__start__,07000100,
__service_ptr,07000104,
startup,07000108,
ClearMem,07000128,
ClrLoop,0700013c,
_init,07000154,
_ZN7Megamix5Hooks15StubbedFunctionIvEET_v,0700016c,
_ZN7Megamix5Hooks16getRegionMegamixEv,07000170,
_ZN7Megamix5Hooks12getRegionCTREv,07000180,
_ZN7MegamixL10MemSectionEm,07000198,
_ZN7Megamix7Patches20SlotIdToMuseumGameIdEt,070002f8,
_ZSt18uninitialized_copyIN9__gnu_cxx17__normal_iteratorIPN7Megamix9MuseumRowESt6vectorIS3_SaIS3_EEEES4_ET0_T_SA_S9_,07000390,
_ZSt18uninitialized_copyISt13move_iteratorIPN7Megamix9MuseumRowEES3_ET0_T_S6_S5_,07000390,
_ZSt18uninitialized_copyISt13move_iteratorIPN7Megamix14MuseumRowColorEES3_ET0_T_S6_S5_,070003f0,
_ZSt18uninitialized_copyIN9__gnu_cxx17__normal_iteratorIPN7Megamix14MuseumRowColorESt6vectorIS3_SaIS3_EEEES4_ET0_T_SA_S9_,070003f0,
_ZNKSt3mapImPN7Megamix10TempoTableESt4lessImESaISt4pairIKmS2_EEE8containsERS6_.constprop.0.isra.0,07000438,
_ZN7Megamix14MuseumRowColorC2ENS_6Color8ES1_.isra.0,070004a4,
_ZSt12construct_atIN7Megamix14MuseumRowColorEJiiEEDTgsnwcvPvLi0E_T_pispcl7declvalIT0_EEEEPS3_DpOS4_.isra.0,070004e8,
_ZN7Megamix9MuseumRowC2ESt5arrayItLj5EEPKcmm.isra.0,070004fc,
_ZNKSt3mapItNSt7__cxx1112basic_stringIcSt11char_traitsIcESaIcEEESt4lessItESaISt4pairIKtS5_EEE8containsERS9_.isra.0,07000598,
_ZNSt12_Vector_baseIN7Megamix14MuseumRowColorESaIS1_EED2Ev.isra.0,07000614,
_ZNSt12_Vector_baseIN7Megamix9MuseumRowESaIS1_EED2Ev.isra.0,07000630,
_ZNSt8_Rb_treeImSt4pairIKmPN7Megamix10TempoTableEESt10_Select1stIS5_ESt4lessImESaIS5_EE8_M_eraseEPSt13_Rb_tree_nodeIS5_E.isra.0,0700064c,
_ZNKSt6vectorIN7Megamix9MuseumRowESaIS1_EE12_M_check_lenEjPKc,0700067c,
_ZNKSt6vectorIN7Megamix14MuseumRowColorESaIS1_EE12_M_check_lenEjPKc,070006dc,
_ZNSt8_Rb_treeImSt4pairIKmPN7Megamix10TempoTableEESt10_Select1stIS5_ESt4lessImESaIS5_EE24_M_get_insert_unique_posERS1_.isra.0,0700072c,
_ZNSt8_Rb_treeItSt4pairIKtNSt7__cxx1112basic_stringIcSt11char_traitsIcESaIcEEEESt10_Select1stIS8_ESt4lessItESaIS8_EE24_M_get_insert_unique_posERS1_.isra.0,070007b4,
_ZNSt17_Rb_tree_iteratorISt4pairIKtNSt7__cxx1112basic_stringIcSt11char_traitsIcESaIcEEEEEppEv,0700083c,
_ZNSt17_Rb_tree_iteratorISt4pairIKmPN7Megamix10TempoTableEEEppEv,0700083c,
_ZNSt8_Rb_treeItSt4pairIKtNSt7__cxx1112basic_stringIcSt11char_traitsIcESaIcEEEESt10_Select1stIS8_ESt4lessItESaIS8_EE29_M_get_insert_hint_unique_posESt23_Rb_tree_const_iteratorIS8_ERS1_,07000858,
_ZSt4copyIN9__gnu_cxx17__normal_iteratorIPN7Megamix14MuseumRowColorESt6vectorIS3_SaIS3_EEEES8_ET0_T_SA_S9_.isra.0,07000964,
_ZSt4copyIN9__gnu_cxx17__normal_iteratorIPN7Megamix9MuseumRowESt6vectorIS3_SaIS3_EEEES8_ET0_T_SA_S9_.isra.0,070009a0,
_ZNSt3mapImPN7Megamix10TempoTableESt4lessImESaISt4pairIKmS2_EEEixERS6_,070009dc,
_ZN7Megamix5Hooks12getTempoStrmEPNS_13CSoundManagerEm,07000b94,
_ZN7Megamix5Hooks11getTempoSeqEPNS_13CSoundManagerEm,07000c14,
_ZN7Megamix5Hooks11getTempoAllEPNS_13CSoundManagerEm,07000c94,
rtFlushInstructionCache.isra.0,07000d08,
rtInitHook,07000d70,
rtEnableHook,07000dd8,
_ZNSt12_Vector_baseIN7Megamix14MuseumRowColorESaIS1_EE11_M_allocateEj.isra.0,07000e18,
_ZNSt6vectorIN7Megamix14MuseumRowColorESaIS1_EE15_M_range_insertIN9__gnu_cxx17__normal_iteratorIPS1_S3_EEEEvS8_T_S9_St20forward_iterator_tag.constprop.0,07000e44,
_ZNSt12_Vector_baseIN7Megamix9MuseumRowESaIS1_EE11_M_allocateEj.isra.0,07000fc8,
_ZZN7Megamix7Patches19AddExtraRowsToFrontEvENKUlSt5arrayItLj5EEE_clES2_,07001008,
_ZNSt6vectorIN7Megamix9MuseumRowESaIS1_EE15_M_range_insertIN9__gnu_cxx17__normal_iteratorIPS1_S3_EEEEvS8_T_S9_St20forward_iterator_tag.constprop.0,07001200,
_ZNKSt7__cxx1112basic_stringIcSt11char_traitsIcESaIcEE11_M_is_localEv,070013a0,
_ZN18CTRPluginFramework5MutexD2Ev,070013b4,
_ZN18CTRPluginFramework5MutexD1Ev,070013b4,
_ZNSt7__cxx1112basic_stringIcSt11char_traitsIcESaIcEE10_M_destroyEj,070013dc,
_ZNSt7__cxx1112basic_stringIcSt11char_traitsIcESaIcEE10_M_disposeEv,070013e8,
_ZN18CTRPluginFramework4FileD2Ev,0700140c,
_ZN18CTRPluginFramework4FileD1Ev,0700140c,
_ZNSt8_Rb_treeItSt4pairIKtNSt7__cxx1112basic_stringIcSt11char_traitsIcESaIcEEEESt10_Select1stIS8_ESt4lessItESaIS8_EE22_M_emplace_hint_uniqueIJRKSt21piecewise_construct_tSt5tupleIJRS1_EESJ_IJEEEEESt17_Rb_tree_iteratorIS8_ESt23_Rb_tree_const_iteratorIS8_EDpOT_.constprop.0.isra.0,07001430,
_ZNSt3mapItNSt7__cxx1112basic_stringIcSt11char_traitsIcESaIcEEESt4lessItESaISt4pairIKtS5_EEEixEOt,07001500,
_ZNSt8_Rb_treeItSt4pairIKtNSt7__cxx1112basic_stringIcSt11char_traitsIcESaIcEEEESt10_Select1stIS8_ESt4lessItESaIS8_EE8_M_eraseEPSt13_Rb_tree_nodeIS8_E.isra.0,07001570,
_ZNSt7__cxx1112basic_stringIcSt11char_traitsIcESaIcEE7_S_copyEPcPKcj,070015a8,
_ZNSt7__cxx1112basic_stringIcSt11char_traitsIcESaIcEEaSEOS4_,070015d0,
_ZNSt7__cxx1112basic_stringIcSt11char_traitsIcESaIcEE13_S_copy_charsEPcPKcS7_,07001680,
_ZNSt7__cxx1112basic_stringIcSt11char_traitsIcESaIcEE11_S_allocateERS3_j,07001688,
_ZNSt7__cxx1112basic_stringIcSt11char_traitsIcESaIcEE9_M_createERjj,0700169c,
_ZNSt7__cxx1112basic_stringIcSt11char_traitsIcESaIcEE12_M_constructIPKcEEvT_S8_St20forward_iterator_tag,070016e8,
_ZNSt7__cxx1112basic_stringIcSt11char_traitsIcESaIcEEC2IS3_EEPKcRKS3_,0700174c,
_ZNSt7__cxx1112basic_stringIcSt11char_traitsIcESaIcEEC1IS3_EEPKcRKS3_,0700174c,
_ZNSt7__cxx1112basic_stringIcSt11char_traitsIcESaIcEE12_M_constructIPcEEvT_S7_St20forward_iterator_tag,07001794,
_ZNSt7__cxx1112basic_stringIcSt11char_traitsIcESaIcEEC2IS3_EEPKcRKS3_.constprop.0.isra.0,07001798,
_ZN7Megamix12ErrorMessageB5cxx11Ei,070017dc,
_ZNSt7__cxx1112basic_stringIcSt11char_traitsIcESaIcEE13_S_copy_charsEPcS5_S5_,070018f4,
_ZNSt7__cxx1112basic_stringIcSt11char_traitsIcESaIcEEC1ERKS4_,070018f8,
_ZNSt7__cxx1112basic_stringIcSt11char_traitsIcESaIcEEC2ERKS4_,070018f8,
_ZNSt8_Rb_treeItSt4pairIKtNSt7__cxx1112basic_stringIcSt11char_traitsIcESaIcEEEESt10_Select1stIS8_ESt4lessItESaIS8_EE14_M_create_nodeIJRKS8_EEEPSt13_Rb_tree_nodeIS8_EDpOT_.isra.0,07001920,
_ZNSt8_Rb_treeItSt4pairIKtNSt7__cxx1112basic_stringIcSt11char_traitsIcESaIcEEEESt10_Select1stIS8_ESt4lessItESaIS8_EE20_Reuse_or_alloc_nodeclIRKS8_EEPSt13_Rb_tree_nodeIS8_EOT_,07001950,
_ZN6ConfigC2Ev.isra.0,070019f4,
_ZNSt8_Rb_treeItSt4pairIKtNSt7__cxx1112basic_stringIcSt11char_traitsIcESaIcEEEESt10_Select1stIS8_ESt4lessItESaIS8_EE7_M_copyILb0ENSE_20_Reuse_or_alloc_nodeEEEPSt13_Rb_tree_nodeIS8_ESJ_PSt18_Rb_tree_node_baseRT0_.isra.0,07001a18,
_ZNSt8_Rb_treeItSt4pairIKtNSt7__cxx1112basic_stringIcSt11char_traitsIcESaIcEEEESt10_Select1stIS8_ESt4lessItESaIS8_EE7_M_copyILb0ENSE_11_Alloc_nodeEEEPSt13_Rb_tree_nodeIS8_ESJ_PSt18_Rb_tree_node_baseRT0_.isra.0,07001ad8,
_ZNSt12_Vector_baseImSaImEED2Ev,07001b84,
_ZNSt12_Vector_baseImSaImEED1Ev,07001b84,
__tcf_1,07001bac,
_ZN18CTRPluginFramework5Utils6SearchImEEmmmRKSt6vectorIT_SaIS3_EE,07001bb8,
_ZNSt11__copy_moveILb0ELb1ESt26random_access_iterator_tagE8__copy_mIKmmEEPT0_PT_S7_S5_,07001c9c,
_ZNSt6vectorImSaImEEC1ESt16initializer_listImERKS0_.isra.0,07001cd8,
_ZN18CTRPluginFramework12PatchProcessERNS_11FwkSettingsE,07001d54,
_ZNSt7__cxx1112basic_stringIcSt11char_traitsIcESaIcEEC2EOS4_,07002d94,
_ZNSt7__cxx1112basic_stringIcSt11char_traitsIcESaIcEEC1EOS4_,07002d94,
_ZNKSt7__cxx1112basic_stringIcSt11char_traitsIcESaIcEE8capacityEv,07002e08,
_ZNSt7__cxx1112basic_stringIcSt11char_traitsIcESaIcEE7reserveEj,07002e24,
_ZNKSt7__cxx1112basic_stringIcSt11char_traitsIcESaIcEE15_M_check_lengthEjjPKc,07002e7c,
_ZNSt7__cxx1112basic_stringIcSt11char_traitsIcESaIcEE9_M_mutateEjjPKcj,07002e9c,
_ZNSt7__cxx1112basic_stringIcSt11char_traitsIcESaIcEE9_M_appendEPKcj,07002f4c,
_ZNSt7__cxx1112basic_stringIcSt11char_traitsIcESaIcEE6appendEPKc,07002fbc,
_ZNSt7__cxx1112basic_stringIcSt11char_traitsIcESaIcEE6appendEPKcj,07003000,
_ZStplIcSt11char_traitsIcESaIcEENSt7__cxx1112basic_stringIT_T0_T1_EEPKS5_RKS8_,07003034,
_ZN7Megamix4BTKS8LoadFileENSt7__cxx1112basic_stringIcSt11char_traitsIcESaIcEEE.constprop.0,070030a0,
_ZN7Megamix5Hooks17getTickflowOffsetEi,070037ec,
_ZN7Megamix5Hooks21getGateTickflowOffsetEi,070038d8,
_ZN7Megamix5Hooks29getGatePracticeTickflowOffsetEi,070039c8,
_ZSteqIcSt11char_traitsIcESaIcEEbRKNSt7__cxx1112basic_stringIT_T0_T1_EEPKS5_,07003abc,
_ZNSt7__cxx1112basic_stringIcSt11char_traitsIcESaIcEE9_M_assignERKS4_,07003b10,
_ZNSt7__cxx1112basic_stringIcSt11char_traitsIcESaIcEE6appendERKS4_,07003b94,
_ZN7Megamix11ErrorScreenL10InfoScreenEP18ERRF_ExceptionInfoP12CpuRegisters,07003b9c,
_ZN7Megamix11ErrorScreenL9DevScreenEP18ERRF_ExceptionInfoP12CpuRegisters,07003f7c,
_ZN7Megamix12CrashHandlerEP18ERRF_ExceptionInfoP12CpuRegisters,070042c0,
initLib,07004660,
__ctru_exit,07004680,
.udivsi3_skip_div0_test,0700468c,
__udivsi3,0700468c,
__aeabi_uidiv,0700468c,
__aeabi_uidivmod,07004878,
__aeabi_idiv,07004898,
__divsi3,07004898,
.divsi3_skip_div0_test,070048a0,
__aeabi_idivmod,07004ab8,
__aeabi_ldiv0,07004ad8,
__aeabi_idiv0,07004ad8,
__aeabi_frsub,07004adc,
__aeabi_fsub,07004ae4,
__subsf3,07004ae4,
__addsf3,07004ae8,
__aeabi_fadd,07004ae8,
__floatunsisf,07004c78,
__aeabi_ui2f,07004c78,
__aeabi_i2f,07004c80,
__floatsisf,07004c80,
__floatundisf,07004ca0,
__aeabi_ul2f,07004ca0,
__floatdisf,07004cb0,
__aeabi_l2f,07004cb0,
__restore_core_regs,07004d2c,
restore_core_regs,07004d2c,
__gnu_Unwind_Restore_VFP,07004d40,
__gnu_Unwind_Save_VFP,07004d48,
__gnu_Unwind_Restore_VFP_D,07004d50,
__gnu_Unwind_Save_VFP_D,07004d58,
__gnu_Unwind_Restore_VFP_D_16_to_31,07004d60,
__gnu_Unwind_Save_VFP_D_16_to_31,07004d68,
__gnu_Unwind_Restore_WMMXD,07004d70,
__gnu_Unwind_Save_WMMXD,07004db4,
__gnu_Unwind_Restore_WMMXC,07004df8,
__gnu_Unwind_Save_WMMXC,07004e0c,
___Unwind_RaiseException,07004e20,
_Unwind_RaiseException,07004e20,
_Unwind_Resume,07004e44,
___Unwind_Resume,07004e44,
_Unwind_Resume_or_Rethrow,07004e68,
___Unwind_Resume_or_Rethrow,07004e68,
___Unwind_ForcedUnwind,07004e8c,
_Unwind_ForcedUnwind,07004e8c,
_Unwind_Backtrace,07004eb0,
___Unwind_Backtrace,07004eb0,
strcmp,07004ee8,
__aeabi_uldivmod,07005270,
__do_global_dtors_aux,070052ac,
frame_dummy,070052ec,
_Z41__static_initialization_and_destruction_0v.lto_priv.2,07005318,
_ZN18CTRPluginFramework4mainEv,07005c94,
_sub_I_65535_0.0,07005d24,
_sub_D_65535_1.1,07005d60,
svcCustomBackdoor,07005d94,
svcConvertVAToPA,07005d9c,
svcFlushDataCacheRange,07005da4,
svcInvalidateEntireInstructionCache,07005dac,
svcMapProcessMemoryEx,07005db4,
svcUnmapProcessMemoryEx,07005dc8,
svcControlProcess,07005dd0,
plgLdrExit,07005dd8,
plgLdrInit,07005e48,
PLGLDR__SetPluginLoaderState,07005f1c,
PLGLDR__GetPluginPath,07005f50,
PLGLDR__FetchEvent,07005fa0,
PLGLDR__Reply,07005fc4,
_ZNSt7__cxx1112basic_stringIcSt11char_traitsIcESaIcEE9_M_createERjj.isra.0,070060ac,
_ZNSt23mersenne_twister_engineIjLj32ELj624ELj397ELj31ELj2567483615ELj11ELj4294967295ELj7ELj2636928640ELj15ELj4022730752ELj18ELj1812433253EE4seedEj,07006104,
_ZN18CTRPluginFramework22InitializeRandomEngineEv,0700613c,
_ZNSt7__cxx1112basic_stringIcSt11char_traitsIcESaIcEEC1IS3_EEPKcRKS3_.isra.0,07006198,
_ZN18CTRPluginFramework5Utils6FormatB5cxx11EPKcz,07006218,
_ZN18CTRPluginFramework5Utils18ConvertUTF16ToUTF8ERNSt7__cxx1112basic_stringIcSt11char_traitsIcESaIcEEEPKt,07006274,
_ZNSt7__cxx1112basic_stringItSt11char_traitsItESaItEE10_M_disposeEv,07006350,
_ZNSt23mersenne_twister_engineIjLj32ELj624ELj397ELj31ELj2567483615ELj11ELj4294967295ELj7ELj2636928640ELj15ELj4022730752ELj18ELj1812433253EE11_M_gen_randEv,07006374,
_ZNSt23mersenne_twister_engineIjLj32ELj624ELj397ELj31ELj2567483615ELj11ELj4294967295ELj7ELj2636928640ELj15ELj4022730752ELj18ELj1812433253EEclEv,0700643c,
_ZN18CTRPluginFramework5Utils6RandomEmm,07006490,
_GLOBAL__sub_I__ZN18CTRPluginFramework5Utils6FormatB5cxx11EPKcz,07006510,
_ZNSt7__cxx1112basic_stringIcSt11char_traitsIcESaIcEE7_S_moveEPcPKcj,0700652c,
_ZStplIcSt11char_traitsIcESaIcEENSt7__cxx1112basic_stringIT_T0_T1_EERKS8_PKS5_,07006554,
_ZN18CTRPluginFrameworklsERKNSt7__cxx1112basic_stringIcSt11char_traitsIcESaIcEEEPKc,070065bc,
_ZNSt7__cxx1112basic_stringIcSt11char_traitsIcESaIcEE9_M_createERjj.isra.0,070065d0,
_ZZNK18CTRPluginFramework9Directory5_ListEvENKUlRKNS0_14DirectoryEntryES3_E_clES3_S3_.isra.0,07006628,
_ZN18CTRPluginFramework6FSPathcv7FS_PathEv,070066a0,
_ZNK18CTRPluginFramework9Directory5CloseEv,070066e4,
_ZNSt12_Vector_baseItSaItEED2Ev,0700672c,
_ZNSt12_Vector_baseItSaItEED1Ev,0700672c,
_ZNSt6vectorIN18CTRPluginFramework9Directory14DirectoryEntryESaIS2_EE5clearEv,07006754,
_ZN18CTRPluginFramework9DirectoryD2Ev,07006788,
_ZN18CTRPluginFramework9DirectoryD1Ev,07006788,
_ZNSt7__cxx1112basic_stringIcSt11char_traitsIcESaIcEE12_M_constructIPKcEEvT_S8_St20forward_iterator_tag.isra.0,07006804,
_ZN18CTRPluginFramework9Directory14DirectoryEntryC2EmPKc,07006864,
_ZN18CTRPluginFramework9Directory14DirectoryEntryC1EmPKc,07006864,
_ZN18CTRPluginFramework9Directory6CreateERKNSt7__cxx1112basic_stringIcSt11char_traitsIcESaIcEEE,070068b0,
_ZN18CTRPluginFramework9Directory8IsExistsERKNSt7__cxx1112basic_stringIcSt11char_traitsIcESaIcEEE,07006948,
_ZNSt7__cxx1112basic_stringIcSt11char_traitsIcESaIcEEaSEOS4_.isra.0,070069dc,
_ZN18CTRPluginFramework9Directory14DirectoryEntryaSEOS1_.isra.0,07006a88,
_ZNKSt7__cxx1112basic_stringIcSt11char_traitsIcESaIcEE4findEPKcjj,07006a94,
_ZNSt6vectorINSt7__cxx1112basic_stringIcSt11char_traitsIcESaIcEEESaIS5_EE17_M_realloc_insertIJRKS5_EEEvN9__gnu_cxx17__normal_iteratorIPS5_S7_EEDpOT_,07006b24,
_ZNSt6vectorINSt7__cxx1112basic_stringIcSt11char_traitsIcESaIcEEESaIS5_EE9push_backERKS5_,07006c3c,
_ZN18CTRPluginFramework9Directory22ChangeWorkingDirectoryERKNSt7__cxx1112basic_stringIcSt11char_traitsIcESaIcEEE,07006c78,
_ZN18CTRPluginFramework9Directory4OpenERS0_RKNSt7__cxx1112basic_stringIcSt11char_traitsIcESaIcEEEb,07006d54,
_ZN18CTRPluginFramework9DirectoryC2ERKNSt7__cxx1112basic_stringIcSt11char_traitsIcESaIcEEEb,07006ea0,
_ZN18CTRPluginFramework9DirectoryC1ERKNSt7__cxx1112basic_stringIcSt11char_traitsIcESaIcEEEb,07006ea0,
_ZN18CTRPluginFramework9Directory14DirectoryEntryC2EOS1_,07006ef8,
_ZN18CTRPluginFramework9Directory14DirectoryEntryC1EOS1_,07006ef8,
_ZSt13__adjust_heapIN9__gnu_cxx17__normal_iteratorIPN18CTRPluginFramework9Directory14DirectoryEntryESt6vectorIS4_SaIS4_EEEEiS4_NS0_5__ops15_Iter_comp_iterIZNKS3_5_ListEvEUlRKS4_SD_E_EEEvT_T0_SH_T1_T2_,07006f14,
_ZSt10__pop_heapIN9__gnu_cxx17__normal_iteratorIPN18CTRPluginFramework9Directory14DirectoryEntryESt6vectorIS4_SaIS4_EEEENS0_5__ops15_Iter_comp_iterIZNKS3_5_ListEvEUlRKS4_SD_E_EEEvT_SG_SG_RT0_,07007030,
_ZSt25__unguarded_linear_insertIN9__gnu_cxx17__normal_iteratorIPN18CTRPluginFramework9Directory14DirectoryEntryESt6vectorIS4_SaIS4_EEEENS0_5__ops14_Val_comp_iterIZNKS3_5_ListEvEUlRKS4_SD_E_EEEvT_T0_,070070b4,
_ZSt16__insertion_sortIN9__gnu_cxx17__normal_iteratorIPN18CTRPluginFramework9Directory14DirectoryEntryESt6vectorIS4_SaIS4_EEEENS0_5__ops15_Iter_comp_iterIZNKS3_5_ListEvEUlRKS4_SD_E_EEEvT_SG_T0_,0700711c,
_ZSt4swapIN18CTRPluginFramework9Directory14DirectoryEntryEENSt9enable_ifIXsrSt6__and_IJSt6__not_ISt15__is_tuple_likeIT_EESt21is_move_constructibleIS7_ESt18is_move_assignableIS7_EEE5valueEvE4typeERS7_SH_,070071d0,
_ZSt16__introsort_loopIN9__gnu_cxx17__normal_iteratorIPN18CTRPluginFramework9Directory14DirectoryEntryESt6vectorIS4_SaIS4_EEEEiNS0_5__ops15_Iter_comp_iterIZNKS3_5_ListEvEUlRKS4_SD_E_EEEvT_SG_T0_T1_,07007214,
_ZNK18CTRPluginFramework9Directory5_ListEv,07007400,
_ZNK18CTRPluginFramework9Directory9ListFilesERSt6vectorINSt7__cxx1112basic_stringIcSt11char_traitsIcESaIcEEESaIS7_EERKS7_,07007688,
_ZN18CTRPluginFramework11FwkSettings3GetEv,0700775c,
_ZN18CTRPluginFramework11FwkSettings15SetThemeDefaultEv,07007768,
_ZN18CTRPluginFramework7Process9GetHandleEv,07007834,
_ZN18CTRPluginFramework7Process10GetTitleIDEv,07007844,
_ZN18CTRPluginFramework7Process11GetTextSizeEv,07007854,
_ZN18CTRPluginFramework7Process11WaitForExitEv,07007878,
_ZN18CTRPluginFramework7Process5PatchEmmPv,0700787c,
_ZN18CTRPluginFramework7Process10CopyMemoryEPvPKvm,0700789c,
_ZN18CTRPluginFramework7Process12CheckAddressEmm,07007944,
_ZN18CTRPluginFramework7Process16ReturnToHomeMenuEv,07007948,
_ZNSt7__cxx1112basic_stringIcSt11char_traitsIcESaIcEE9push_backEc,0700796c,
_ZN18CTRPluginFramework7Process7GetNameERNSt7__cxx1112basic_stringIcSt11char_traitsIcESaIcEEE,07007a24,
_ZNSt7__cxx1112basic_stringIcSt11char_traitsIcESaIcEE9_M_createERjj.isra.0,07007a5c,
_ZNK18CTRPluginFramework4File4ReadEPvm,07007ab4,
_ZN18CTRPluginFramework4File5WriteEPKvm,07007b70,
_ZNK18CTRPluginFramework4File4SeekExNS0_7SeekPosE,07007c64,
_ZNK18CTRPluginFramework4File6RewindEv,07007d3c,
_ZNK18CTRPluginFramework4File7GetSizeEv,07007d68,
_ZNK18CTRPluginFramework4File6IsOpenEv,07007dcc,
_ZN18CTRPluginFramework4FileC1Ev,07007dd4,
_ZN18CTRPluginFramework4FileC2Ev,07007dd4,
_ZN18CTRPluginFramework4File6CreateERKNSt7__cxx1112basic_stringIcSt11char_traitsIcESaIcEEE,07007e18,
_ZN18CTRPluginFramework4File6RenameERKNSt7__cxx1112basic_stringIcSt11char_traitsIcESaIcEEES8_,07007eac,
_ZN18CTRPluginFramework4File6ExistsERKNSt7__cxx1112basic_stringIcSt11char_traitsIcESaIcEEE,07007f80,
_ZNK18CTRPluginFramework4File5CloseEv,07008020,
_ZN18CTRPluginFramework4File4OpenERS0_RKNSt7__cxx1112basic_stringIcSt11char_traitsIcESaIcEEEi,070080c8,
_ZN18CTRPluginFramework4FileC1ERKNSt7__cxx1112basic_stringIcSt11char_traitsIcESaIcEEEm,07008244,
_ZN18CTRPluginFramework4FileC2ERKNSt7__cxx1112basic_stringIcSt11char_traitsIcESaIcEEEm,07008244,
_ZN18CTRPluginFramework5ClockC1Ev,070082a0,
_ZN18CTRPluginFramework5ClockC2Ev,070082a0,
_ZNK18CTRPluginFramework5Clock14GetElapsedTimeEv,070082b8,
_ZNK18CTRPluginFramework5Clock13HasTimePassedENS_4TimeE,070082e4,
_ZN18CTRPluginFramework5Clock7RestartEv,0700831c,
_ZN18CTRPluginFramework10Controller6UpdateEv,07008350,
_ZN18CTRPluginFramework7TextBoxD1Ev,0700838c,
_ZN18CTRPluginFramework7TextBoxD2Ev,0700838c,
_ZN18CTRPluginFramework7TextBoxD0Ev,070083c4,
_ZN18CTRPluginFramework10MessageBoxC1ERKNSt7__cxx1112basic_stringIcSt11char_traitsIcESaIcEEES8_NS_10DialogTypeENS_11ClearScreenE,070083e4,
_ZN18CTRPluginFramework10MessageBoxC2ERKNSt7__cxx1112basic_stringIcSt11char_traitsIcESaIcEEES8_NS_10DialogTypeENS_11ClearScreenE,070083e4,
_ZN18CTRPluginFramework10MessageBoxD2Ev,0700842c,
_ZN18CTRPluginFramework10MessageBoxD1Ev,0700842c,
_ZNK18CTRPluginFramework10MessageBoxclEv,0700846c,
_ZNK18CTRPluginFramework6Screen4DrawERKNSt7__cxx1112basic_stringIcSt11char_traitsIcESaIcEEEmmRKNS_5ColorESB_,07008474,
_ZNK18CTRPluginFramework6Screen8DrawRectEmmmmRKNS_5ColorEb,070084c0,
_ZN18CTRPluginFramework6Screen4FadeEf,07008508,
_ZN18CTRPluginFramework3OSD12GetTopScreenEv,07008528,
_ZN18CTRPluginFramework3OSD11SwapBuffersEv,07008534,
_ZNSt6vectorIPN18CTRPluginFramework7OSDImpl10OSDMessageESaIS3_EE17_M_realloc_insertIJS3_EEEvN9__gnu_cxx17__normal_iteratorIPS3_S5_EEDpOT_,07008568,
_ZN18CTRPluginFramework3OSD6NotifyERKNSt7__cxx1112basic_stringIcSt11char_traitsIcESaIcEEERKNS_5ColorESB_,07008650,
_ZNKSt10_HashtableIiSt4pairIKiNSt7__cxx1112basic_stringItSt11char_traitsItESaItEEEESaIS8_ENSt8__detail10_Select1stESt8equal_toIiESt4hashIiENSA_18_Mod_range_hashingENSA_20_Default_ranged_hashENSA_20_Prime_rehash_policyENSA_17_Hashtable_traitsILb0ELb0ELb1EEEE19_M_find_before_nodeEjRS1_j.isra.0,070086d8,
_ZNSt10_HashtableIiSt4pairIKiNSt7__cxx1112basic_stringItSt11char_traitsItESaItEEEESaIS8_ENSt8__detail10_Select1stESt8equal_toIiESt4hashIiENSA_18_Mod_range_hashingENSA_20_Default_ranged_hashENSA_20_Prime_rehash_policyENSA_17_Hashtable_traitsILb0ELb0ELb1EEEE4findERS1_.isra.0,07008748,
_ZN18CTRPluginFramework6Render19PullRandomCharacterB5cxx11Ei,070087a4,
_ZNSt10_HashtableIiSt4pairIKiNSt7__cxx1112basic_stringItSt11char_traitsItESaItEEEESaIS8_ENSt8__detail10_Select1stESt8equal_toIiESt4hashIiENSA_18_Mod_range_hashingENSA_20_Default_ranged_hashENSA_20_Prime_rehash_policyENSA_17_Hashtable_traitsILb0ELb0ELb1EEEE21_M_deallocate_bucketsEv,07008868,
_GLOBAL__sub_I__ZN18CTRPluginFramework6Render11_randomSetsB5cxx11E,07008884,
_GLOBAL__sub_D__ZN18CTRPluginFramework6Render11_randomSetsB5cxx11E,070088bc,
_ZN18CTRPluginFramework5Color4FadeEf,07008920,
_ZNK18CTRPluginFramework5ColormlERKS0_,07008a30,
_ZNK18CTRPluginFramework5Color5BlendERKS0_NS0_9BlendModeE,07008aac,
_Z14OnSharedMemMapmPv7MemPermS0_,07008ccc,
_ZZN18CTRPluginFramework14KeepThreadMainEPvENUlPKvE_4_FUNES2_,07008d94,
_ZNSt6vectorImSaImEE19_M_range_initializeIPKmEEvT_S5_St20forward_iterator_tag.isra.0,07008d9c,
_ZNSt7__cxx1112basic_stringIcSt11char_traitsIcESaIcEE9_M_createERjj.isra.0,07008e00,
_ZN18CTRPluginFramework11ProcessImpl24UserProcessEventCallbackENS_7Process5EventE,07008e58,
OnLoadCro,07008e70,
_ZN18CTRPluginFramework10ThreadExitEv,07008e98,
abort,07008f44,
__entrypoint,07008f98,
_ZNSt7__cxx1112basic_stringIcSt11char_traitsIcESaIcEEC1IS3_EEPKcRKS3_.isra.0,07009060,
_ZNSt7__cxx1112basic_stringIcSt11char_traitsIcESaIcEE9_M_appendEPKcj.isra.0,070090e0,
_ZNSt7__cxx1112basic_stringIcSt11char_traitsIcESaIcEE6appendEPKcj.isra.0,07009154,
_ZN18CTRPluginFramework14KeepThreadMainEPv,07009188,
_ZNSt7__cxx1112basic_stringIcSt11char_traitsIcESaIcEEaSEPKc.isra.0,07009878,
_ZN18CTRPluginFramework10InitializeEv,07009928,
_ZN18CTRPluginFramework10ThreadInitEPv,07009b34,
_GLOBAL__sub_I_g_gspEventThreadPriority,07009b78,
_GLOBAL__sub_D_g_gspEventThreadPriority,07009bc0,
NCSNDCmd_Add,07009bf0,
NCSNDCmd_Execute.constprop.0,07009ca8,
ncsndNotifyAptEvent,07009d2c,
ncsndAptHook,07009d94,
ncsndInit,07009d98,
ncsndExit,07009f60,
ncsndInitializeSound,0700a00c,
ncsndPlaySound,0700a030,
ncsndStopSound,0700a294,
ncsndIsPlaying,0700a2d4,
LoadCROHooked,0700a364,
__libctru_exit,0700a378,
__appExit,0700a398,
__syscall_getreent,0700a3b4,
__aeabi_read_tp,0700a3f0,
__getThreadLocalStorage,0700a3fc,
__syscall_lock_acquire,0700a438,
__syscall_lock_release,0700a43c,
__syscall_lock_acquire_recursive,0700a440,
__syscall_lock_release_recursive,0700a444,
initThreadVars,0700a448,
__system_initSyscalls,0700a49c,
__createThread,0700a4f8,
__startThread,0700a688,
threadGetHandle,0700a798,
threadFree,0700a7bc,
threadJoin,0700a7e8,
threadGetCurrent,0700a80c,
threadExit,0700a82c,
_thread_begin,0700a868,
hidInitFake,0700a888,
hidExitFake,0700a8d4,
hidSetSharedMem,0700a910,
__system_allocateHeaps,0700a93c,
_ZN22CTRPluginFrameworkImpl8Services3GSPL29GSPGPU__RegisterInterruptHookEv,0700a9ec,
_ZN22CTRPluginFrameworkImpl8Services3GSPL15ClearInterruptsEv,0700aa18,
_ZN22CTRPluginFrameworkImpl8Services3GSPL17InterruptReceiverEPv,0700aa40,
_ZN22CTRPluginFrameworkImpl8Services3GSPL12EnqueueEventEab,0700ab94,
_ZN22CTRPluginFrameworkImpl8Services3GSPL13plgVAtoGameVaEPm,0700ac14,
_ZSt4copyIPhS0_ET0_T_S2_S1_.isra.0,0700ac3c,
_ZNSt6vectorImSaImEE19_M_range_initializeIPKmEEvT_S5_St20forward_iterator_tag.isra.0,0700ac64,
_ZN22CTRPluginFrameworkImpl8Services3GSP6UpdateEmmm,0700acc8,
__gsp__Update,0700ad98,
_ZN22CTRPluginFrameworkImpl8Services3GSP15FrameBufferInfo19FillFrameBufferFromERS2_,0700ad9c,
_ZN22CTRPluginFrameworkImpl8Services3GSP21FrameBufferInfoShared20FillFrameBuffersFromERS2_,0700b024,
_ZN22CTRPluginFrameworkImpl8Services3GSP16TriggerPSCEventsEv,0700b03c,
_ZN22CTRPluginFrameworkImpl8Services3GSP22PauseInterruptReceiverEv,0700b05c,
_ZN22CTRPluginFrameworkImpl8Services3GSP23ResumeInterruptReceiverEv,0700b0a4,
_ZN22CTRPluginFrameworkImpl8Services3GSP13WaitForVBlankEv,0700b0d8,
_ZN22CTRPluginFrameworkImpl8Services3GSP14WaitForVBlank1Ev,0700b0fc,
_ZN22CTRPluginFrameworkImpl8Services3GSP17WaitForVBlankBothEv,0700b120,
_ZN22CTRPluginFrameworkImpl8Services3GSP10SwapBufferEi,0700b15c,
_ZN22CTRPluginFrameworkImpl8Services3GSP17WaitBufferSwappedEi,0700b188,
_ZN22CTRPluginFrameworkImpl8Services3GSP21ImportFrameBufferInfoERNS1_21FrameBufferInfoSharedEi,0700b218,
_ZN22CTRPluginFrameworkImpl8Services3GSP18SetFrameBufferInfoERNS1_21FrameBufferInfoSharedEib,0700b24c,
_ZN22CTRPluginFrameworkImpl8Services3GSP10InitializeEv,0700b2f4,
_GLOBAL__sub_I__ZN22CTRPluginFrameworkImpl8Services3GSP11BufferFlagsE,0700b470,
_GLOBAL__sub_D__ZN22CTRPluginFrameworkImpl8Services3GSP11BufferFlagsE,0700b4ac,
_ZN18CTRPluginFrameworkL11ScreenToBMPEPNS_8BMPImage5PixelEmmPNS_10Screenshot11ImageBufferE,0700b4cc,
_ZNSt7__cxx1112basic_stringIcSt11char_traitsIcESaIcEE9_M_createERjj.isra.0,0700b708,
_ZNSt7__cxx1112basic_stringIcSt11char_traitsIcESaIcEE10_M_replaceEjjPKcj,0700b760,
_ZStplIcSt11char_traitsIcESaIcEENSt7__cxx1112basic_stringIT_T0_T1_EERKS8_OS8_,0700b858,
_ZN18CTRPluginFramework10Screenshot15UpdateFileCountEv,0700b8e8,
_ZN18CTRPluginFramework10Screenshot10InitializeEv,0700bb68,
_ZN18CTRPluginFramework10Screenshot11OSDCallbackEmPvS1_ii,0700bbb0,
_ZNSt7__cxx1112basic_stringIcSt11char_traitsIcESaIcEE6appendEPKcj.isra.0,0700bf24,
_ZN18CTRPluginFramework10Screenshot12TaskCallbackEPv,0700bfb4,
_GLOBAL__sub_I__ZN18CTRPluginFramework10Screenshot9IsEnabledE,0700c2b4,
_GLOBAL__sub_D__ZN18CTRPluginFramework10Screenshot9IsEnabledE,0700c2f0,
_ZN18CTRPluginFramework10SystemImpl10InitializeEv,0700c3c4,
_ZN18CTRPluginFramework10SystemImpl10CheckCitraEv,0700c470,
_ZN18CTRPluginFramework10SystemImpl12WantsToSleepEv,0700c4c0,
_ZN18CTRPluginFramework10SystemImpl10IsSleepingEv,0700c4d8,
_ZN18CTRPluginFramework10SystemImpl15WakeUpFromSleepEv,0700c4f4,
_ZN18CTRPluginFramework10SystemImpl6StatusEv,0700c514,
_ZL19SetHookContextInTLSPN18CTRPluginFramework11HookContextE,0700c558,
_ZSt12construct_atIN18CTRPluginFramework10AsmWrapperEJEEDTgsnwcvPvLi0E_T_pispcl7declvalIT0_EEEEPS3_DpOS4_.isra.0,0700c578,
_ZL11GenerateAsmRN18CTRPluginFramework10AsmWrapperERNS_11HookContextE,0700c58c,
_ZN18CTRPluginFramework4LockD2Ev,0700c7cc,
_ZN18CTRPluginFramework4LockD1Ev,0700c7cc,
_ZN18CTRPluginFramework11HookManagerC2Ev,0700c810,
_ZN18CTRPluginFramework11HookManagerC1Ev,0700c810,
_ZN18CTRPluginFramework11HookManager18GetFreeHookWrapperERl,0700c8e4,
_ZN18CTRPluginFramework11HookManager13GetAsmWrapperEPNS_11HookContextE,0700c958,
_ZN18CTRPluginFramework11HookManager11DisableHookERNS_11HookContextE,0700c9bc,
_ZN18CTRPluginFramework11HookManager4LockEv,0700ca8c,
_ZN18CTRPluginFramework11HookManager6UnlockEv,0700ca98,
_ZN18CTRPluginFramework11HookManager20PrepareToUnmapMemoryEv,0700caa4,
_ZN18CTRPluginFramework11HookManager22RecoverFromUnmapMemoryEv,0700cb0c,
__hook__CheckTlsValue,0700cb88,
_ZNSt6vectorIN18CTRPluginFramework10AsmWrapperESaIS1_EE17_M_realloc_insertIJEEEvN9__gnu_cxx17__normal_iteratorIPS1_S3_EEDpOT_,0700cc50,
_ZN18CTRPluginFramework11HookManager17GetFreeAsmWrapperEv,0700cd94,
_ZN18CTRPluginFramework11HookManager9ApplyHookERNS_11HookContextE,0700ce18,
_GLOBAL__sub_I__ZN18CTRPluginFramework11HookManager10_singletonE,0700cf74,
_GLOBAL__sub_D__ZN18CTRPluginFramework11HookManager10_singletonE,0700cf80,
_ZNSt13__atomic_baseImEaSEm.isra.0,0700cfc4,
_ZNSt16_Sp_counted_baseILN9__gnu_cxx12_Lock_policyE2EE10_M_releaseEv,0700cfd4,
_ZN18CTRPluginFramework9Scheduler4CoreC2Ev,0700d080,
_ZN18CTRPluginFramework9Scheduler4CoreC1Ev,0700d080,
_ZN18CTRPluginFramework9Scheduler10InitializeEv,0700d0e0,
_ZN18CTRPluginFramework9Scheduler4ExitEv,0700d178,
_ZNSt14__shared_countILN9__gnu_cxx12_Lock_policyE2EED1Ev,0700d1c4,
_ZNSt14__shared_countILN9__gnu_cxx12_Lock_policyE2EED2Ev,0700d1c4,
_ZNSt12__shared_ptrIN18CTRPluginFramework11TaskContextELN9__gnu_cxx12_Lock_policyE2EEaSEOS4_.isra.0,0700d1e4,
_ZNSt16_Sp_counted_baseILN9__gnu_cxx12_Lock_policyE2EE15_M_add_ref_copyEv,0700d224,
_ZNSt14__shared_countILN9__gnu_cxx12_Lock_policyE2EEaSERKS2_.isra.0,0700d268,
_ZN18CTRPluginFramework9Scheduler9_PollTaskERNS0_4CoreE,0700d2a8,
_ZN18CTRPluginFramework22Scheduler__CoreHandlerEPv,0700d44c,
_ZN18CTRPluginFramework9Scheduler4Core6AssignERKNS_4TaskE,0700d550,
_ZNSt6vectorISt10shared_ptrIN18CTRPluginFramework11TaskContextEESaIS3_EE17_M_realloc_insertIJRKS3_EEEvN9__gnu_cxx17__normal_iteratorIPS3_S5_EEDpOT_,0700d5a8,
_ZN18CTRPluginFramework9Scheduler8ScheduleERKNS_4TaskE,0700d6e8,
_GLOBAL__sub_I__ZN18CTRPluginFramework9Scheduler10_singletonE,0700d85c,
_GLOBAL__sub_D__ZN18CTRPluginFramework9Scheduler10_singletonE,0700d8a0,
_ZN18CTRPluginFramework6GetBPPE24GSPGPU_FramebufferFormat,0700d928,
_ZN18CTRPluginFramework10ScreenImplC2Emmb,0700d94c,
_ZN18CTRPluginFramework10ScreenImplC1Emmb,0700d94c,
_ZN18CTRPluginFramework10ScreenImpl10InitializeEv,0700d9bc,
_ZN18CTRPluginFramework10ScreenImpl17ApplyCtrpfScreensEv,0700dabc,
_ZN18CTRPluginFramework10ScreenImpl4FadeEf,0700db0c,
_ZN18CTRPluginFramework10ScreenImpl13ImportFromGspEv,0700dbec,
_ZN18CTRPluginFramework10ScreenImpl7ReleaseEv,0700dc48,
_ZN18CTRPluginFramework10ScreenImpl7AcquireEmmmmb,0700dc70,
_ZN18CTRPluginFramework10ScreenImpl5FlushEv,0700dce0,
_ZN18CTRPluginFramework10ScreenImpl5ClearEb,0700dd20,
_ZN18CTRPluginFramework10ScreenImpl4CopyEv,0700ddb8,
_ZN18CTRPluginFramework10ScreenImpl7AcquireEb,0700ddfc,
_ZN18CTRPluginFramework10ScreenImpl11IsTopScreenEv,0700dec8,
_ZN18CTRPluginFramework10ScreenImpl11Is3DEnabledEv,0700ded0,
_ZN18CTRPluginFramework10ScreenImpl5FlashERNS_5ColorE,0700df30,
_ZN18CTRPluginFramework10ScreenImpl14AcquireFromGspEb,0700df80,
_ZN18CTRPluginFramework10ScreenImpl24CheckGspFrameBuffersInfoEv,0700dff0,
_ZN18CTRPluginFramework10ScreenImpl10SwapBufferEv,0700e020,
_ZN18CTRPluginFramework10ScreenImpl12SetBacklightEm,0700e080,
_ZNK18CTRPluginFramework10ScreenImpl9GetFormatEv,0700e09c,
_ZNK18CTRPluginFramework10ScreenImpl9GetStrideEv,0700e0a4,
_ZNK18CTRPluginFramework10ScreenImpl16GetBytesPerPixelEv,0700e0ac,
_ZNK18CTRPluginFramework10ScreenImpl19GetFrameBufferInfosERiS1_R24GSPGPU_FramebufferFormat,0700e0b4,
_ZN18CTRPluginFramework10ScreenImpl18GetLeftFrameBufferEb,0700e0d0,
_ZN18CTRPluginFramework10ScreenImpl18GetLeftFrameBufferEii,0700e0ec,
_ZN18CTRPluginFramework10ScreenImpl19GetRightFrameBufferEb,0700e140,
_ZN18CTRPluginFramework10ScreenImpl19GetRightFrameBufferEii,0700e16c,
_ZN18CTRPluginFramework10ScreenImpl17GetPosFromAddressEmRiS1_,0700e1c4,
_ZL21addrMapNodeComparatorPK11rbtree_nodeS1_,0700e220,
_ZL21addrMapNodeDestructorP11rbtree_node,0700e244,
_ZN18CTRPluginFramework4Heap8MemAlignEjj,0700e248,
_ZN18CTRPluginFramework4Heap5AllocEj,0700e38c,
_ZN18CTRPluginFramework4Heap4FreeEPv,0700e394,
_GLOBAL__sub_I__ZN18CTRPluginFramework4Heap12__ctrpf_heapE,0700e400,
_GLOBAL__sub_D__ZN18CTRPluginFramework4Heap12__ctrpf_heapE,0700e40c,
_ZNSt7__cxx1112basic_stringIcSt11char_traitsIcESaIcEE9_M_createERjj.isra.0,0700e42c,
_ZN18CTRPluginFramework6FSPath11SdmcFixPathERNSt7__cxx1112basic_stringIcSt11char_traitsIcESaIcEEE,0700e484,
_ZNSt11__copy_moveILb1ELb1ESt26random_access_iterator_tagE8__copy_mIttEEPT0_PT_S6_S4_,0700e738,
_ZNSt6vectorItSaItEE14_M_fill_insertEN9__gnu_cxx17__normal_iteratorIPtS1_EEjRKt,0700e774,
_ZN18CTRPluginFramework6FSPathC2ENSt7__cxx1112basic_stringIcSt11char_traitsIcESaIcEEE,0700e948,
_ZN18CTRPluginFramework6FSPathC1ENSt7__cxx1112basic_stringIcSt11char_traitsIcESaIcEEE,0700e948,
_GLOBAL__sub_I__ZN18CTRPluginFramework6FSPath7FSMutexE,0700ea0c,
_GLOBAL__sub_D__ZN18CTRPluginFramework6FSPath7FSMutexE,0700ea18,
_ZZN8KProcess10GetCurrentEvENUlvE_4_FUNEv,0700ea4c,
_ZZN8KProcess13PatchCategoryEmENUlPS_mmE_4_FUNES0_mm,0700ea58,
_ZZN8KProcess16PatchMaxPriorityEmENUlPS_mmE_4_FUNES0_mm,0700ea70,
_ZZN8KProcess15PatchMaxThreadsEvENUlPS_mE_4_FUNES0_m,0700eab0,
_ZZN8KProcess16PatchCore2AccessEvENUlPS_E_4_FUNES0_,0700eaf4,
_ZZN6Kernel6MemcpyEPvPKvmENUlS0_S0_mE_4_FUNES0_S0_m,0700eb04,
_ZN6Kernel10InitializeEv,0700eb18,
_ZN6Kernel6MemcpyEPvPKvm,0700eb1c,
_ZN8KProcess10GetCurrentEv,0700eb34,
_ZN8KProcess16PatchCore2AccessEv,0700eb40,
_ZN8KProcess13PatchCategoryEm,0700eb64,
KProcess__PatchCategory,0700eb90,
_ZN8KProcess16PatchMaxPriorityEm,0700eba4,
KProcess__PatchMaxPriority,0700ebd0,
_ZN8KProcess15PatchMaxThreadsEv,0700ebe4,
_ZN18CTRPluginFrameworkL15ThreadPredicateEP7KThread,0700ec0c,
_ZN18CTRPluginFramework11ProcessImpl4PlayEb,0700ec58,
_ZN18CTRPluginFramework11ProcessImpl12PatchProcessEmPhmS1_,0700ecec,
_ZN18CTRPluginFramework11ProcessImpl15LockGameThreadsEv,0700ed2c,
_ZN18CTRPluginFramework11ProcessImpl17UnlockGameThreadsEv,0700ed68,
_ZN18CTRPluginFramework11ProcessImpl14IsValidAddressEm,0700eda0,
_ZN18CTRPluginFramework11ProcessImpl23EnableExceptionHandlersEv,0700ee04,
_ZN18CTRPluginFramework11ProcessImpl24DisableExceptionHandlersEv,0700ee3c,
_ZN18CTRPluginFramework11ProcessImpl19ReturnFromExceptionEP12CpuRegisters,0700ee58,
_store_reg_loop,0700ee70,
_ZN18CTRPluginFramework11ProcessImpl10SignalExitEv,0700ee90,
_ZN18CTRPluginFramework11ProcessImpl11WaitForExitEv,0700ee9c,
_ZNSt12_Vector_baseI7MemInfoSaIS0_EED2Ev,0700eea8,
_ZNSt12_Vector_baseI7MemInfoSaIS0_EED1Ev,0700eea8,
_ZNSt6vectorI7MemInfoSaIS0_EE17_M_realloc_insertIJRKS0_EEEvN9__gnu_cxx17__normal_iteratorIPS0_S2_EEDpOT_,0700eed0,
_ZNSt6vectorI7MemInfoSaIS0_EE9push_backERKS0_,0700efbc,
_ZN18CTRPluginFramework11ProcessImpl16UpdateMemRegionsEb,0700eff8,
_ZN18CTRPluginFramework11ProcessImpl10InitializeEv,0700f0b4,
_ZN18CTRPluginFramework11ProcessImpl5PauseEb,0700f4d8,
_ZN18CTRPluginFramework11ProcessImpl16ExceptionHandlerEP18ERRF_ExceptionInfoP12CpuRegisters,0700f544,
_GLOBAL__sub_I__ZN18CTRPluginFramework11ProcessImpl13ProcessHandleE,0700f624,
_GLOBAL__sub_D__ZN18CTRPluginFramework11ProcessImpl13ProcessHandleE,0700f630,
_ZN18CTRPluginFramework12EventManagerC2Em,0700f664,
_ZN18CTRPluginFramework12EventManagerC1Em,0700f664,
_ZNSt5dequeIN18CTRPluginFramework5EventESaIS1_EE9pop_frontEv,0700f704,
_ZNSt5dequeIN18CTRPluginFramework5EventESaIS1_EE16_M_push_back_auxIJRKS1_EEEvDpOT_,0700f754,
_ZN18CTRPluginFramework12EventManager9PushEventERKNS_5EventE,0700f940,
_ZN18CTRPluginFramework12EventManager13ProcessEventsEv,0700f9a8,
_ZN18CTRPluginFramework12EventManager8PopEventERNS_5EventEb,0700fc98,
_ZN18CTRPluginFramework12EventManager9PollEventERNS_5EventE,0700fd64,
_ZNSt7__cxx1112basic_stringIcSt11char_traitsIcESaIcEE9_M_createERjj.isra.0,0700fd6c,
_ZN18CTRPluginFramework15SoundEngineImpl17InitializelibcwavEv,0700fdc4,
_ZN18CTRPluginFramework15SoundEngineImpl14NotifyAptEventE12APT_HookType,0700fdcc,
_ZN18CTRPluginFramework15SoundEngineImpl21SetVaToPaConvFunctionEPFmPKvE,0700fdd0,
_ZN18CTRPluginFramework15SoundEngineImpl22RegisterMenuSoundEventENS_11SoundEngine5EventERNS_5SoundE,0700fdd4,
_ZN18CTRPluginFramework15SoundEngineImpl13PlayMenuSoundENS_11SoundEngine5EventE,0700fe1c,
_ZN18CTRPluginFramework15SoundEngineImpl15ClearMenuSoundsEv,0700fe40,
_ZNSt6vectorIN18CTRPluginFramework5SoundESaIS1_EE17_M_default_appendEj,0700fe84,
_ZNSt7__cxx1112basic_stringIcSt11char_traitsIcESaIcEE6appendEPKcj.isra.0,0700ffac,
_ZN18CTRPluginFramework15SoundEngineImpl20InitializeMenuSoundsEv,0701003c,
_GLOBAL__sub_I__ZN18CTRPluginFramework15SoundEngineImpl10menuSoundsE,0701023c,
_GLOBAL__sub_D__ZN18CTRPluginFramework15SoundEngineImpl10menuSoundsE,07010248,
_ZN18CTRPluginFramework14PluginMenuImpl9ForceExitEv,07010298,
_ZN18CTRPluginFramework14PluginMenuImpl9ForceOpenEv,070102b4,
_ZNK18CTRPluginFramework14PluginMenuImpl6IsOpenEv,070102d0,
_GLOBAL__sub_I__ZN18CTRPluginFramework14PluginMenuImpl16_runningInstanceE,070102d8,
_GLOBAL__sub_D__ZN18CTRPluginFramework14PluginMenuImpl16_runningInstanceE,070102e4,
_GLOBAL__sub_I__ZN18CTRPluginFramework15PluginMenuToolsC2ERNSt7__cxx1112basic_stringIcSt11char_traitsIcESaIcEEERNS_9HexEditorE,070102f8,
_GLOBAL__sub_D__ZN18CTRPluginFramework15PluginMenuToolsC2ERNSt7__cxx1112basic_stringIcSt11char_traitsIcESaIcEEERNS_9HexEditorE,07010318,
_ZNK18CTRPluginFramework13MenuEntryImpl14_MustBeRemovedEv,07010360,
_ZN18CTRPluginFramework13MenuEntryImpl8_ExecuteEv,0701037c,
_ZNSt12_Vector_baseIN18CTRPluginFramework8TouchKeyESaIS1_EE13_M_deallocateEPS1_j.isra.0,070103e4,
_ZNK18CTRPluginFramework4RectIiE8ContainsEii,070103f8,
_ZNSt12_Destroy_auxILb0EE9__destroyIPN18CTRPluginFramework8TouchKeyEEEvT_S5_,0701046c,
_ZNSt6vectorIN18CTRPluginFramework8TouchKeyESaIS1_EED1Ev,07010498,
_ZNSt6vectorIN18CTRPluginFramework8TouchKeyESaIS1_EED2Ev,07010498,
_GLOBAL__sub_D__ZN18CTRPluginFramework12KeyboardImpl12_DecimalKeysE,070104d0,
_ZNSt6vectorIPN18CTRPluginFramework13MenuEntryImplESaIS2_EE5eraseEN9__gnu_cxx17__normal_iteratorIPKS2_S4_EES9_.isra.0,070104fc,
_ZN18CTRPluginFramework21PluginMenuExecuteLoop9ExecuteAREv,07010560,
_ZN18CTRPluginFramework21PluginMenuExecuteLoopclEv,070105b8,
_ZN18CTRPluginFramework21PluginMenuExecuteLoop14ExecuteBuiltinEv,0701074c,
_ZN18CTRPluginFramework4Icon7DrawImgEPhiiii,07010764,
_ZN18CTRPluginFramework4Icon9DrawCloseEiib,0701097c,
_ZN18CTRPluginFramework4Icon14DrawHandCursorEii,070109b8,
_ZN18CTRPluginFramework4Icon10DrawRocketEii,070109ec,
_ZN18CTRPluginFramework4Icon8DrawSaveEii,07010a18,
_GLOBAL__sub_I__ZN18CTRPluginFramework4Icon17DefaultCustomIconE,07010a44,
fontGetSystemFont,07010a78,
_ZNK18CTRPluginFramework5Glyph5WidthEv,07010a9c,
_ZN18CTRPluginFramework16GetOriginalGlyphEm,07010aac,
_ZN18CTRPluginFramework11ShrinkGlyphEPhS0_,07010f90,
_ZN18CTRPluginFramework4Font10InitializeEv,070112dc,
_ZNSt10_HashtableImSt4pairIKmmESaIS2_ENSt8__detail10_Select1stESt8equal_toImESt4hashImENS4_18_Mod_range_hashingENS4_20_Default_ranged_hashENS4_20_Prime_rehash_policyENS4_17_Hashtable_traitsILb0ELb0ELb1EEEE21_M_deallocate_bucketsEv,070113a0,
_ZNSt10_HashtableImSt4pairIKmmESaIS2_ENSt8__detail10_Select1stESt8equal_toImESt4hashImENS4_18_Mod_range_hashingENS4_20_Default_ranged_hashENS4_20_Prime_rehash_policyENS4_17_Hashtable_traitsILb0ELb0ELb1EEEE21_M_insert_unique_nodeEjjPNS4_10_Hash_nodeIS2_Lb0EEEj,070113bc,
_ZNSt8__detail9_Map_baseImSt4pairIKmmESaIS3_ENS_10_Select1stESt8equal_toImESt4hashImENS_18_Mod_range_hashingENS_20_Default_ranged_hashENS_20_Prime_rehash_policyENS_17_Hashtable_traitsILb0ELb0ELb1EEELb1EEixERS2_,07011548,
_ZN18CTRPluginFramework4Font10CacheGlyphEm,07011610,
_ZN18CTRPluginFramework4Font8GetGlyphERPh,0701173c,
_GLOBAL__sub_I__ZN18CTRPluginFramework15g_fontAllocatedE,070117c8,
_GLOBAL__sub_D__ZN18CTRPluginFramework15g_fontAllocatedE,07011810,
_ZN18CTRPluginFrameworkL9DrawLineVEmRKNS_5ColorEPhm,07011888,
__tcf_1,070119f8,
_ZNSt5dequeIN18CTRPluginFramework6VectorIiEESaIS2_EE12emplace_backIJS2_EEERS2_DpOT_.isra.0,07011a18,
_ZN18CTRPluginFramework8Renderer8DrawLineEiiiRKNS_5ColorEi,07011c04,
_ZN18CTRPluginFramework8Renderer16DrawStippledLineEiiiRKNS_5ColorEi,07011da8,
_ZN18CTRPluginFramework8Renderer8DrawRectEiiiiRKNS_5ColorEbi,07011ebc,
_ZN18CTRPluginFramework8Renderer8DrawRectERKNS_4RectIiEERKNS_5ColorEb,07011f50,
_ZN18CTRPluginFramework8Renderer9DrawRect2ERKNS_4RectIiEERKNS_5ColorES7_,07011ff4,
_ZNSt5dequeIN18CTRPluginFramework6VectorIiEESaIS2_EE9pop_frontEv,070122ac,
_ZNSt6vectorIN18CTRPluginFramework4LineIiEESaIS2_EE17_M_realloc_insertIJS2_EEEvN9__gnu_cxx17__normal_iteratorIPS2_S4_EEDpOT_,070122fc,
_ZNSt6vectorIN18CTRPluginFramework4LineIiEESaIS2_EE12emplace_backIJS2_EEERS2_DpOT_.isra.0,07012400,
_ZN18CTRPluginFramework8Renderer23ComputeRoundedRectangleERSt6vectorINS_4LineIiEESaIS3_EERKNS_4RectIiEEfi,07012440,
_ZN18CTRPluginFramework8Renderer20DrawRoundedRectangleERKNS_4RectIiEERKNS_5ColorES7_,07012adc,
_ZN18CTRPluginFramework8Renderer9DrawPixelEiiRKNS_5ColorE,07012c74,
_ZN18CTRPluginFramework8Renderer13DrawCharacterEiiiRKNS_5ColorE,07012cf8,
_ZN18CTRPluginFramework8Renderer13DrawCharacterEiiiRKNS_5ColorES3_,07012e78,
_ZN18CTRPluginFramework8Renderer10DrawStringEPKciRiNS_5ColorE,0701306c,
_ZN18CTRPluginFramework8Renderer10DrawStringEPKciRiNS_5ColorES4_,0701310c,
_ZN18CTRPluginFramework8Renderer13LinuxFontSizeEPKc,070132f8,
_ZN18CTRPluginFramework6WindowC2EmmmmbPNS_8BMPImageE,07013328,
_ZN18CTRPluginFramework6WindowC1EmmmmbPNS_8BMPImageE,07013328,
_ZN18CTRPluginFramework6WindowD1Ev,070133e4,
_ZN18CTRPluginFramework6WindowD2Ev,070133e4,
_ZNK18CTRPluginFramework6Window4DrawEv,0701340c,
_ZNK18CTRPluginFramework6Window7GetRectEv,07013470,
_GLOBAL__sub_I__ZN18CTRPluginFramework6Window12BottomWindowE,07013474,
_GLOBAL__sub_D__ZN18CTRPluginFramework6Window12BottomWindowE,070134f4,
_ZN18CTRPluginFramework8DrawableclEv,07013514,
_ZN18CTRPluginFramework9PrivColor10_ReadRGBA8EPh,0701351c,
_ZN18CTRPluginFramework9PrivColor9_ReadBGR8EPh,0701353c,
_ZN18CTRPluginFramework9PrivColor11_ReadRGB565EPh,0701355c,
_ZN18CTRPluginFramework9PrivColor11_ReadRGB5A1EPh,07013588,
_ZN18CTRPluginFramework9PrivColor10_ReadRGBA4EPh,070135bc,
_ZN18CTRPluginFramework9PrivColor11_WriteRGBA8EPhRKNS_5ColorE,070135e4,
_ZN18CTRPluginFramework9PrivColor10_WriteBGR8EPhRKNS_5ColorE,0701360c,
_ZN18CTRPluginFramework9PrivColor12_WriteRGB565EPhRKNS_5ColorE,0701362c,
_ZN18CTRPluginFramework9PrivColor12_WriteRGB5A1EPhRKNS_5ColorE,0701365c,
_ZN18CTRPluginFramework9PrivColor11_WriteRGBA4EPhRKNS_5ColorE,070136a4,
_ZN18CTRPluginFramework9PrivColor9SetFormatE24GSPGPU_FramebufferFormat,070136e8,
_ZTHN18CTRPluginFramework9PrivColor10_clampAreaE,0701382c,
__tls_init,0701382c,
_ZN18CTRPluginFramework9PrivColor16_WriteRGBA8ClampEPhRKNS_5ColorE,0701386c,
_ZN18CTRPluginFramework9PrivColor15_WriteBGR8ClampEPhRKNS_5ColorE,07013908,
_ZN18CTRPluginFramework9PrivColor17_WriteRGB565ClampEPhRKNS_5ColorE,0701399c,
_ZN18CTRPluginFramework9PrivColor17_WriteRGB5A1ClampEPhRKNS_5ColorE,07013a4c,
_ZN18CTRPluginFramework9PrivColor16_WriteRGBA4ClampEPhRKNS_5ColorE,07013b08,
_ZN18CTRPluginFramework12_GLOBAL__N_121CheckFrameResumedTaskMUlPvE_4_FUNES2_,07013bc0,
_ZN18CTRPluginFramework7OSDImpl4LockEv,07013c14,
_ZN18CTRPluginFramework7OSDImpl7TryLockEv,07013c20,
_ZN18CTRPluginFramework7OSDImpl6UnlockEv,07013c3c,
_ZN18CTRPluginFramework7OSDImpl10PauseFrameEv,07013c48,
_ZN18CTRPluginFramework7OSDImpl15WaitFramePausedEv,07013d30,
_ZN18CTRPluginFramework7OSDImpl11ResumeFrameEm,07013ec4,
_GLOBAL__sub_I__ZN18CTRPluginFramework7OSDImpl4LockEv,07013f70,
_GLOBAL__sub_D__ZN18CTRPluginFramework7OSDImpl4LockEv,07013fa0,
_ZN18CTRPluginFramework14MessageBoxImpl13_ProcessEventERNS_5EventE,0701407c,
_ZN18CTRPluginFramework14MessageBoxImplC1ERKNSt7__cxx1112basic_stringIcSt11char_traitsIcESaIcEEES8_NS_10DialogTypeENS_11ClearScreenE,07014140,
_ZN18CTRPluginFramework14MessageBoxImplC2ERKNSt7__cxx1112basic_stringIcSt11char_traitsIcESaIcEEES8_NS_10DialogTypeENS_11ClearScreenE,07014140,
_ZN18CTRPluginFramework14MessageBoxImpl5_DrawEv,070142b8,
_ZN18CTRPluginFramework14MessageBoxImplclEv,07014578,
_ZN18CTRPluginFramework8BMPImageD2Ev,0701476c,
_ZN18CTRPluginFramework8BMPImageD1Ev,0701476c,
_ZNK18CTRPluginFramework8BMPImage13GetDimensionsEv,070147a4,
_ZNK18CTRPluginFramework8BMPImage4dataEv,070147ac,
_ZNK18CTRPluginFramework8BMPImage3endEv,070147bc,
_ZN18CTRPluginFramework8BMPImage9DataClearEv,070147d8,
_ZN18CTRPluginFramework8BMPImageC1Emm,070147ec,
_ZN18CTRPluginFramework8BMPImageC2Emm,070147ec,
_ZN18CTRPluginFramework8BMPImage6UnloadEv,07014878,
_ZN18CTRPluginFramework8BMPImage15ReverseChannelsEv,070148ac,
_ZN18CTRPluginFramework8BMPImage8RGBtoBGREv,070148f4,
_ZNK18CTRPluginFramework8BMPImage9SaveImageERKNSt7__cxx1112basic_stringIcSt11char_traitsIcESaIcEEE,07014924,
_ZN18CTRPluginFramework8BMPImage20OptimiseForRenderingEv,07014b00,
_ZN18CTRPluginFramework8BMPImage4DrawEii,07014c2c,
_ZN18CTRPluginFramework8BMPImage4DrawERKNS_6VectorIiEE,07014d00,
_ZN18CTRPluginFramework8BMPImage4DrawERKNS_4RectIiEEf,07014d08,
_ZN18CTRPluginFramework8Renderer9SetTargetENS_6TargetE,07014e04,
_ZN18CTRPluginFramework8Renderer8EndFrameEb,07014e50,
_ZN18CTRPluginFramework6Button4DrawEv,07014f9c,
_ZN18CTRPluginFramework6ButtonclEv,070150f8,
_ZN18CTRPluginFramework6Button6UpdateEbRKNS_6VectorIiEE,07015168,
_ZN18CTRPluginFramework6ButtonD1Ev,070152ec,
_ZN18CTRPluginFramework6ButtonD2Ev,070152ec,
_ZN18CTRPluginFramework6ButtonD0Ev,07015324,
_ZN18CTRPluginFramework6ButtonC2EmRKNS_4RectIiEEPFiiiE,07015344,
_ZN18CTRPluginFramework6ButtonC1EmRKNS_4RectIiEEPFiiiE,07015344,
_ZN18CTRPluginFramework6ButtonC2EmRKNS_4RectIiEEPFiiibE,070153dc,
_ZN18CTRPluginFramework6ButtonC1EmRKNS_4RectIiEEPFiiibE,070153dc,
_ZN18CTRPluginFramework6Button19SetAcceptSoundEventENS_11SoundEngine5EventE,070153f0,
_ZN18CTRPluginFramework7OSDImpl18DrawNotif_TaskFuncEPv,070153f8,
_ZN18CTRPluginFrameworkL9GetBufferEm,0701548c,
_ZN18CTRPluginFrameworkL9memsearchEPhPKvmm.constprop.0,070154f0,
_ZN18CTRPluginFrameworkL11SearchStmfdEmmm.constprop.0,0701559c,
_ZSt9__advanceIN9__gnu_cxx17__normal_iteratorIPPN18CTRPluginFramework7OSDImpl10OSDMessageESt6vectorIS5_SaIS5_EEEEiEvRT_T0_St26random_access_iterator_tag.isra.0,070155cc,
_ZN9__gnu_cxx5__ops10_Iter_predIZN18CTRPluginFramework7OSDImpl14CallbackCommonEmPvS4_iiiEUlPFbRKNS2_6ScreenEEE_EclINS_17__normal_iteratorIPS9_St6vectorIS9_SaIS9_EEEEEEbT_.isra.0,070155dc,
_ZN9__gnu_cxx5__ops10_Iter_predIZN18CTRPluginFramework7OSDImpl6UpdateEvEUlPNS3_10OSDMessageEE_EclINS_17__normal_iteratorIPS5_St6vectorIS5_SaIS5_EEEEEEbT_.isra.0,07015748,
_ZN18CTRPluginFramework7OSDImpl10OSDMessageC2ERKNSt7__cxx1112basic_stringIcSt11char_traitsIcESaIcEEERKNS_5ColorESC_,070157a0,
_ZN18CTRPluginFramework7OSDImpl10OSDMessageC1ERKNSt7__cxx1112basic_stringIcSt11char_traitsIcESaIcEEERKNS_5ColorESC_,070157a0,
_ZN18CTRPluginFramework7OSDImpl13UpdateScreensEv,070158d0,
_ZN18CTRPluginFramework10InstallOSDEv,070159b0,
_ZN18CTRPluginFramework7OSDImpl11_InitializeEv,07015a80,
_ZNSt12_Vector_baseIPFbRKN18CTRPluginFramework6ScreenEESaIS5_EED1Ev,07015b2c,
_ZNSt12_Vector_baseIPFbRKN18CTRPluginFramework6ScreenEESaIS5_EED2Ev,07015b2c,
_GLOBAL__sub_I__ZN18CTRPluginFramework7OSDImpl12DrawSaveIconE,07015b54,
_ZN18CTRPluginFramework7OSDImpl6UpdateEv,07015c08,
_ZN18CTRPluginFramework7OSDImpl16OnTopScreenFrameEv,07015dac,
_ZN18CTRPluginFramework7OSDImpl19OnBottomScreenFrameEv,07015e04,
_ZN18CTRPluginFramework7OSDImpl14CallbackCommonEmPvS1_iii,07015ecc,
_ZN18CTRPluginFramework7OSDImpl12MainCallbackEmiPvS1_iii,070164ac,
_ZN18CTRPluginFramework7OSDImpl13MainCallback2EmPmmm,07016538,
_GLOBAL__sub_D__ZN18CTRPluginFramework7OSDImpl12DrawSaveIconE,070165cc,
_ZN18CTRPluginFramework7TextBox6UpdateEbRKNS_6VectorIiEE,0701663c,
_ZN18CTRPluginFramework7TextBox4DrawEv,07016640,
_ZNSt12_Vector_baseIPhSaIS0_EE11_M_allocateEj.isra.0,0701693c,
_ZNSt7__cxx1112basic_stringIcSt11char_traitsIcESaIcEE9_M_createERjj.isra.0,07016968,
_ZN18CTRPluginFramework7TextBoxC1Ev,070169c0,
_ZN18CTRPluginFramework7TextBoxC2Ev,070169c0,
_ZNK18CTRPluginFramework7TextBox4OpenEv,07016a54,
_ZN18CTRPluginFramework7TextBox12ProcessEventERNS_5EventE,07016a60,
_ZN18CTRPluginFramework7TextBox13_GetWordWidthEPhRf,07016c88,
_ZN18CTRPluginFramework12CutWordWidthEPhRff,07016d1c,
_ZNKSt6vectorIPhSaIS0_EE12_M_check_lenEjPKc,07016dd0,
_ZNSt6vectorIPhSaIS0_EE9push_backERKS0_,07016e20,
_ZN18CTRPluginFramework7TextBox13_GetTextInfosEv,07016ec0,
_ZN18CTRPluginFramework7TextBox6UpdateERKNSt7__cxx1112basic_stringIcSt11char_traitsIcESaIcEEERS6_,070170fc,
_ZN18CTRPluginFramework8Renderer16FontCalcGlyphPosEP14fontGlyphPos_sPP15charWidthInfo_siff,0701725c,
_ZN18CTRPluginFramework8Renderer11GetTextSizeEPKc,07017388,
_ZN18CTRPluginFramework8Renderer12GetTextInfosEPKcRiRff,070174a4,
_ZN18CTRPluginFramework8Renderer9DrawGlyphEPNS_10ScreenImplEPNS_5GlyphEiiRfNS_5ColorEm,07017648,
_ZN18CTRPluginFramework8Renderer13DrawSysStringEPKciRiiNS_5ColorEfS2_m,07017880,
_GLOBAL__sub_I__ZN18CTRPluginFramework11g_codeTypesE,07017d04,
_GLOBAL__sub_D__ZN18CTRPluginFramework11g_codeTypesE,07017dc4,
_ZN18CTRPluginFramework11Preferences14ApplyBacklightEv,07017de4,
_ZN18CTRPluginFramework11Preferences14OpenConfigFileERNS_4FileERNS0_9HeaderV11E,07017e44,
_ZN18CTRPluginFramework11Preferences12LoadSettingsEv,07018058,
_GLOBAL__sub_I__ZN18CTRPluginFramework11Preferences18topBackgroundImageE,07018114,
_GLOBAL__sub_D__ZN18CTRPluginFramework11Preferences18topBackgroundImageE,070181bc,
_ZN18CTRPluginFramework11HookContext10GetCurrentEv,070181e8,
_ZN18CTRPluginFramework11HookContext11GetCallCodeEv,070181f4,
_ZN18CTRPluginFramework4HookC2Ev,0701821c,
_ZN18CTRPluginFramework4HookC1Ev,0701821c,
_ZN18CTRPluginFramework4HookD1Ev,07018264,
_ZN18CTRPluginFramework4HookD2Ev,07018264,
_ZN18CTRPluginFramework4Hook10InitializeEmm,070182b4,
_ZN18CTRPluginFramework4Hook17InitializeForMitmEmm,070182d0,
_ZN18CTRPluginFramework4Hook8SetFlagsEm,070182f8,
_ZN18CTRPluginFramework4Hook9IsEnabledEv,07018308,
_ZN18CTRPluginFramework4Hook6EnableEv,07018324,
_ZN18CTRPluginFramework4Hook7DisableEv,07018444,
_ZN18CTRPluginFramework6System8IsNew3DSEv,07018474,
_ZN18CTRPluginFramework6System6RebootEv,07018484,
_ZN18CTRPluginFramework5SleepENS_4TimeE,07018494,
_ZN18CTRPluginFramework5Touch6IsDownEv,070184d4,
_ZN18CTRPluginFramework5Touch11GetPositionEv,070184fc,
_ZNK18CTRPluginFramework4Time14AsMicrosecondsEv,07018524,
_ZNSt23_Sp_counted_ptr_inplaceIN18CTRPluginFramework11TaskContextESaIvELN9__gnu_cxx12_Lock_policyE2EED2Ev,0701854c,
_ZNSt23_Sp_counted_ptr_inplaceIN18CTRPluginFramework11TaskContextESaIvELN9__gnu_cxx12_Lock_policyE2EED1Ev,0701854c,
_ZNSt23_Sp_counted_ptr_inplaceIN18CTRPluginFramework11TaskContextESaIvELN9__gnu_cxx12_Lock_policyE2EE10_M_disposeEv,07018550,
_ZNSt23_Sp_counted_ptr_inplaceIN18CTRPluginFramework11TaskContextESaIvELN9__gnu_cxx12_Lock_policyE2EE14_M_get_deleterERKSt9type_info,07018554,
_ZNSt23_Sp_counted_ptr_inplaceIN18CTRPluginFramework11TaskContextESaIvELN9__gnu_cxx12_Lock_policyE2EED0Ev,07018584,
_ZNSt23_Sp_counted_ptr_inplaceIN18CTRPluginFramework11TaskContextESaIvELN9__gnu_cxx12_Lock_policyE2EE10_M_destroyEv,0701859c,
_ZNSt12__shared_ptrIN18CTRPluginFramework11TaskContextELN9__gnu_cxx12_Lock_policyE2EEaSEOS4_.isra.0,070185a4,
_ZN18CTRPluginFramework4TaskC1EPFlPvES1_l,070185d8,
_ZN18CTRPluginFramework4TaskC2EPFlPvES1_l,070185d8,
_ZNK18CTRPluginFramework4Task5StartEv,07018684,
_ZNK18CTRPluginFramework4Task5StartEPv,070186cc,
_ZNK18CTRPluginFramework4Task4WaitEv,07018718,
_ZNSt8_Rb_treeImSt4pairIKmP10ThreadVarsESt10_Select1stIS4_ESt4lessImESaIS4_EE8_M_eraseEPSt13_Rb_tree_nodeIS4_E.isra.0,0701877c,
_ZNSt8_Rb_treeImSt4pairIKmP10ThreadVarsESt10_Select1stIS4_ESt4lessImESaIS4_EE24_M_get_insert_unique_posERS1_.isra.0,070187ac,
_ZN18CTRPluginFramework8ThreadExC2EPFvPvEmmi,0701883c,
_ZN18CTRPluginFramework8ThreadExC1EPFvPvEmmi,0701883c,
_ZN18CTRPluginFramework8ThreadExD1Ev,07018870,
_ZN18CTRPluginFramework8ThreadExD2Ev,07018870,
_ZN18CTRPluginFramework8ThreadEx5StartEPv,07018890,
_ZN18CTRPluginFramework8ThreadEx4JoinEb,070188e4,
_ZN18CTRPluginFramework8ThreadEx9GetStatusEv,0701892c,
_ZNSt8_Rb_treeImSt4pairIKmP10ThreadVarsESt10_Select1stIS4_ESt4lessImESaIS4_EE22_M_emplace_hint_uniqueIJS0_ImS3_EEEESt17_Rb_tree_iteratorIS4_ESt23_Rb_tree_const_iteratorIS4_EDpOT_,07018934,
__ctrpf_getThreadVars,07018aa4,
_GLOBAL__sub_I___ctrpf_getThreadVars,07018cbc,
_GLOBAL__sub_D___ctrpf_getThreadVars,07018cf4,
_ZN18CTRPluginFramework11SoundEngine13PlayMenuSoundENS0_5EventE,07018d2c,
_ZN18CTRPluginFramework5SoundC2Ev,07018d30,
_ZN18CTRPluginFramework5SoundC1Ev,07018d30,
_ZN18CTRPluginFramework5SoundC1EOS0_,07018d3c,
_ZN18CTRPluginFramework5SoundC2EOS0_,07018d3c,
_ZN18CTRPluginFramework5SoundC2ERKNSt7__cxx1112basic_stringIcSt11char_traitsIcESaIcEEEi,07018d50,
_ZN18CTRPluginFramework5SoundC1ERKNSt7__cxx1112basic_stringIcSt11char_traitsIcESaIcEEEi,07018d50,
_ZN18CTRPluginFramework5SoundaSERKS0_,07018d84,
_ZN18CTRPluginFramework5SoundaSEOS0_,07018e14,
_ZN18CTRPluginFramework5SoundD1Ev,07018e84,
_ZN18CTRPluginFramework5SoundD2Ev,07018e84,
_ZN18CTRPluginFramework5Sound13GetLoadStatusEv,07018edc,
_ZN18CTRPluginFramework5Sound4PlayEii,07018ef4,
_ZN18CTRPluginFramework5Sound4PlayEi,07018f34,
_ZN18CTRPluginFramework5Sound4PlayEv,07018f3c,
_ZN18CTRPluginFramework10PluginMenu6IsOpenEv,07018f44,
_ZN18CTRPluginFramework10PluginMenu18GetRunningInstanceEv,07018f4c,
_ZNSt7__cxx1112basic_stringIcSt11char_traitsIcESaIcEE9_M_createERjj.isra.0,07018f5c,
_ZNSt7__cxx1112basic_stringIcSt11char_traitsIcESaIcEEC1IS3_EEPKcRKS3_.isra.0,07018fb4,
_GLOBAL__sub_I__ZN18CTRPluginFramework6HotkeyC2Ev,07019034,
_GLOBAL__sub_D__ZN18CTRPluginFramework6HotkeyC2Ev,0701917c,
_ZN18CTRPluginFramework10CustomIconC2EPNS0_5PixelEiib,070191b0,
_ZN18CTRPluginFramework10CustomIconC1EPNS0_5PixelEiib,070191b0,
cwav_initialize,070191c0,
cwav_stopImpl.part.0,07019544,
cwavUseEnvironment,07019638,
cwavSetVAToPACallback,0701963c,
cwavLoad,07019670,
cwavPlay,070196c0,
cwavStop,07019b98,
cwavFree,07019bfc,
cwav_defaultVAToPA,07019d6c,
cwavEnvUseEnvironment,07019d70,
cwavEnvGetEnvironment,07019d74,
cwavEnvInitialize,07019d7c,
cwavEnvFinalize,07019d80,
cwavEnvCompatibleEncoding,07019d84,
cwavEnvGetChannelAmount,07019d98,
cwavEnvIsChannelAvailable,07019da0,
cwavEnvPlay,07019db8,
cwavEnvChannelIsPlaying,07019eac,
cwavEnvStop,07019eb0,
fontEnsureMappedExtension,07019eb4,
_ZN8MemBlock6CreateEPhm,07019ef0,
_ZN7MemPool8DelBlockEP8MemBlock,07019f1c,
_ZN7MemPool13CoalesceRightEP8MemBlock,07019f50,
_ZN7MemPool8AllocateER8MemChunkmi,07019fac,
_ZN7MemPool10DeallocateERK8MemChunk,0701a0a8,
_ZN18CTRPluginFramework9SoundImplC1ERKNSt7__cxx1112basic_stringIcSt11char_traitsIcESaIcEEEi,0701a1a8,
_ZN18CTRPluginFramework9SoundImplC2ERKNSt7__cxx1112basic_stringIcSt11char_traitsIcESaIcEEEi,0701a1a8,
_ZN18CTRPluginFramework9SoundImpl13GetLoadStatusEv,0701a26c,
_ZN18CTRPluginFramework9SoundImpl4PlayEii,0701a274,
_ZN18CTRPluginFramework9SoundImplD1Ev,0701a28c,
_ZN18CTRPluginFramework9SoundImplD2Ev,0701a28c,
_ZN18CTRPluginFramework14FloatingButtonD2Ev,0701a2b4,
_ZN18CTRPluginFramework14FloatingButtonD1Ev,0701a2b4,
_ZN18CTRPluginFramework14FloatingButton4DrawEv,0701a2b8,
_ZN18CTRPluginFramework14FloatingButtonclEv,0701a2cc,
_ZN18CTRPluginFramework14FloatingButtonD0Ev,0701a2e0,
_ZN18CTRPluginFramework14FloatingButton6UpdateEbRKNS_6VectorIiEE,0701a2f8,
_ZN18CTRPluginFramework14FloatingButtonC1ERKNS_4RectIiEEPFiiiE,0701a490,
_ZN18CTRPluginFramework14FloatingButtonC2ERKNS_4RectIiEEPFiiiE,0701a490,
_GLOBAL__sub_I__ZN18CTRPluginFramework9ARHandler6OffsetE,0701a4d0,
envGetHandle,0701a4f0,
envDestroyHandles,0701a574,
fontEnsureMapped,0701a5c4,
fontGlyphIndexFromCodePoint,0701a658,
fontGetCharWidthInfo,0701a758,
osConvertVirtToPhys,0701a7c8,
srvInit,0701a83c,
srvExit,0701a968,
srvGetServiceHandleDirect,0701a9c0,
srvGetServiceHandle,0701aa60,
__sync_init,0701aa98,
__sync_fini,0701aaa4,
syncArbitrateAddressWithTimeout,0701aabc,
LightLock_Init,0701aae8,
LightLock_Lock,0701ab04,
LightLock_Unlock,0701abb0,
RecursiveLock_Init,0701abf0,
RecursiveLock_Lock,0701ac14,
RecursiveLock_TryLock,0701ac44,
RecursiveLock_Unlock,0701acbc,
LightEvent_Init,0701ad10,
LightEvent_Clear,0701ad50,
LightEvent_Pulse,0701adf4,
LightEvent_Signal,0701ae3c,
LightEvent_Wait,0701af04,
LightSemaphore_Init,0701afa4,
LightSemaphore_Acquire,0701afb8,
LightSemaphore_Release,0701b04c,
mappableFindAddressWithin,0701b0b0,
mappableInit,0701b164,
mappableAlloc,0701b18c,
mappableFree,0701b20c,
acInit,0701b210,
acExit,0701b29c,
amInit,0701b2d8,
amExit,0701b37c,
aptSendCommand,0701b3b8,
aptHook,0701b510,
aptUnhook,0701b540,
APT_PrepareToCloseApplication,0701b570,
APT_CloseApplication,0701b598,
APT_CheckNew3DS,0701b5e0,
APT_GetSharedFont,0701b65c,
cfguInit,0701b6a4,
cfguExit,0701b748,
CFGU_GetSystemLanguage,0701b784,
fsInit,0701b7d8,
fsExit,0701b8a4,
FSUSER_OpenFile,0701b8e0,
FSUSER_RenameFile,0701b9ac,
FSUSER_CreateFile,0701baa4,
FSUSER_CreateDirectory,0701bb78,
FSUSER_OpenDirectory,0701bc3c,
FSUSER_OpenArchive,0701bcf0,
FSFILE_Read,0701bd84,
FSFILE_Write,0701bddc,
FSFILE_GetSize,0701be3c,
FSFILE_SetSize,0701be74,
FSFILE_Close,0701be9c,
FSFILE_SetPriority,0701bed8,
FSDIR_Read,0701bf00,
FSDIR_Close,0701bf50,
gspExit,0701bf8c,
hidShouldUseIrrst,0701c07c,
hidInit,0701c0a0,
hidExit,0701c22c,
hidScanInput,0701c314,
hidKeysHeld,0701c5b8,
hidKeysDown,0701c5c8,
hidKeysUp,0701c5d8,
hidTouchRead,0701c5e8,
irrstInit,0701c600,
irrstExit,0701c760,
irrstScanInput,0701c82c,
irrstKeysHeld,0701c8e0,
srvPmGetSessionHandle,0701c904,
sslcInit,0701c910,
sslcExit,0701c9c4,
sslcGenerateRandomData,0701ca0c,
rbtree_find,0701ca54,
rbtree_init,0701cac8,
do_insert,0701cad8,
rbtree_insert,0701cc88,
rbtree_remove,0701cc90,
rbtree_rotate,0701cfa8,
decode_utf16,0701d038,
decode_utf8,0701d09c,
encode_utf16,0701d1d8,
encode_utf8,0701d22c,
utf8_to_utf16,0701d30c,
svcQueryMemory,0701d3cc,
svcExitProcess,0701d3fc,
svcCreateThread,0701d404,
svcExitThread,0701d424,
svcSleepThread,0701d42c,
svcSetThreadPriority,0701d434,
svcReleaseMutex,0701d43c,
svcCreateEvent,0701d444,
svcSignalEvent,0701d458,
svcClearEvent,0701d460,
svcMapMemoryBlock,0701d468,
svcUnmapMemoryBlock,0701d470,
svcCreateAddressArbiter,0701d478,
svcArbitrateAddress,0701d48c,
svcArbitrateAddressNoTimeout,0701d4a4,
svcCloseHandle,0701d4ac,
svcWaitSynchronization,0701d4b4,
svcWaitSynchronizationN,0701d4bc,
svcDuplicateHandle,0701d4e4,
svcGetSystemTick,0701d4f8,
svcGetSystemInfo,0701d500,
svcGetProcessInfo,0701d518,
svcConnectToPort,0701d530,
svcSendSyncRequest,0701d544,
svcOpenProcess,0701d54c,
svcGetProcessId,0701d560,
svcGetThreadId,0701d574,
svcBreak,0701d588,
svcInvalidateProcessDataCache,0701d590,
svcFlushProcessDataCache,0701d598,
svcKernelSetState,0701d5a0,
svcQueryProcessMemory,0701d5a8,
rbtree_node_next,0701d5cc,
_ZdlPv,0701d628,
_ZdlPvRKSt9nothrow_t,0701d62c,
_ZdlPvj,0701d630,
_ZdaPv,0701d634,
_ZNK9__gnu_cxx24__concurrence_lock_error4whatEv,0701d638,
_ZNK9__gnu_cxx26__concurrence_unlock_error4whatEv,0701d644,
_ZNK9__gnu_cxx29__concurrence_broadcast_error4whatEv,0701d650,
_ZNK9__gnu_cxx24__concurrence_wait_error4whatEv,0701d65c,
_ZN12_GLOBAL__N_1L4initEv,0701d668,
_ZN12_GLOBAL__N_1L16init_static_condEv,0701d6a0,
_ZN9__gnu_cxx24__concurrence_lock_errorD1Ev,0701d6c4,
_ZN9__gnu_cxx24__concurrence_lock_errorD2Ev,0701d6c4,
_ZN9__gnu_cxx24__concurrence_lock_errorD0Ev,0701d6e4,
_ZN9__gnu_cxx24__concurrence_wait_errorD1Ev,0701d710,
_ZN9__gnu_cxx24__concurrence_wait_errorD2Ev,0701d710,
_ZN9__gnu_cxx24__concurrence_wait_errorD0Ev,0701d730,
_ZN9__gnu_cxx26__concurrence_unlock_errorD1Ev,0701d75c,
_ZN9__gnu_cxx26__concurrence_unlock_errorD2Ev,0701d75c,
_ZN9__gnu_cxx26__concurrence_unlock_errorD0Ev,0701d77c,
_ZN9__gnu_cxx29__concurrence_broadcast_errorD2Ev,0701d7a8,
_ZN9__gnu_cxx29__concurrence_broadcast_errorD1Ev,0701d7a8,
_ZN9__gnu_cxx29__concurrence_broadcast_errorD0Ev,0701d7c8,
_ZN9__gnu_cxx30__throw_concurrence_lock_errorEv,0701d7f4,
_ZN9__gnu_cxx32__throw_concurrence_unlock_errorEv,0701d820,
_ZN9__gnu_cxx35__throw_concurrence_broadcast_errorEv,0701d84c,
__cxa_guard_acquire,0701d878,
__cxa_guard_release,0701da1c,
_ZN9__gnu_cxx20recursive_init_errorD1Ev,0701dacc,
_ZN9__gnu_cxx20recursive_init_errorD2Ev,0701dacc,
_ZN9__gnu_cxx20recursive_init_errorD0Ev,0701daec,
_ZN9__gnu_cxx20recursive_init_errorC1Ev,0701db18,
_ZN9__gnu_cxx20recursive_init_errorC2Ev,0701db18,
_ZSt15get_new_handlerv,0701db28,
_Znwj,0701db3c,
_ZnwjRKSt9nothrow_t,0701db98,
_Znaj,0701dbb4,
_ZN10__cxxabiv120__si_class_type_infoD2Ev,0701dbb8,
_ZN10__cxxabiv120__si_class_type_infoD1Ev,0701dbb8,
_ZN10__cxxabiv120__si_class_type_infoD0Ev,0701dbd8,
_ZNK10__cxxabiv120__si_class_type_info12__do_dyncastEiNS_17__class_type_info10__sub_kindEPKS1_PKvS4_S6_RNS1_16__dyncast_resultE,0701dc04,
_ZNK10__cxxabiv120__si_class_type_info20__do_find_public_srcEiPKvPKNS_17__class_type_infoES2_,0701dd3c,
_ZNK10__cxxabiv120__si_class_type_info11__do_upcastEPKNS_17__class_type_infoEPKvRNS1_15__upcast_resultE,0701ddc4,
_ZNSt9type_infoD1Ev,0701de08,
_ZNSt9type_infoD2Ev,0701de08,
_ZNKSt9type_info14__is_pointer_pEv,0701de0c,
_ZNKSt9type_info15__is_function_pEv,0701de0c,
_ZSt18_Rb_tree_incrementPSt18_Rb_tree_node_base,0701de14,
_ZSt18_Rb_tree_decrementPSt18_Rb_tree_node_base,0701de6c,
_ZSt29_Rb_tree_insert_and_rebalancebPSt18_Rb_tree_node_baseS0_RS_,0701dedc,
_ZSt17__throw_bad_allocv,0701e160,
_ZSt28__throw_bad_array_new_lengthv,0701e18c,
_ZSt19__throw_logic_errorPKc,0701e1b8,
_ZSt20__throw_length_errorPKc,0701e1f8,
_ZSt20__throw_out_of_rangePKc,0701e238,
_ZSt24__throw_out_of_range_fmtPKcz,0701e278,
_ZNKSt8__detail20_Prime_rehash_policy11_M_next_bktEj,0701e288,
_ZNKSt8__detail20_Prime_rehash_policy14_M_need_rehashEjjj,0701e370,
_ZNSt19_Sp_make_shared_tag5_S_eqERKSt9type_info,0701e450,
_ZNSt7__cxx1112basic_stringIcSt11char_traitsIcESaIcEE15_M_replace_coldEPcjPKcjj,0701e494,
_ZNKSt9bad_alloc4whatEv,0701e5d4,
_ZNSt9bad_allocD2Ev,0701e5e0,
_ZNSt9bad_allocD1Ev,0701e5e0,
_ZNSt9bad_allocD0Ev,0701e600,
_ZNKSt20bad_array_new_length4whatEv,0701e62c,
_ZNSt20bad_array_new_lengthD2Ev,0701e638,
_ZNSt20bad_array_new_lengthD1Ev,0701e638,
_ZNSt20bad_array_new_lengthD0Ev,0701e658,
_ZNK10__cxxabiv117__class_type_info11__do_upcastEPKS0_PPv,0701e684,
_ZNK10__cxxabiv117__class_type_info20__do_find_public_srcEiPKvPKS0_S2_,0701e6e0,
_ZN10__cxxabiv117__class_type_infoD1Ev,0701e6f4,
_ZN10__cxxabiv117__class_type_infoD2Ev,0701e6f4,
_ZN10__cxxabiv117__class_type_infoD0Ev,0701e714,
_ZNK10__cxxabiv117__class_type_info11__do_upcastEPKS0_PKvRNS0_15__upcast_resultE,0701e740,
_ZNK10__cxxabiv117__class_type_info10__do_catchEPKSt9type_infoPPvj,0701e7a4,
_ZNK10__cxxabiv117__class_type_info12__do_dyncastEiNS0_10__sub_kindEPKS0_PKvS3_S5_RNS0_16__dyncast_resultE,0701e820,
_ZN12_GLOBAL__N_14pool4freeEPv.constprop.0,0701e8f4,
_ZN12_GLOBAL__N_14pool8allocateEj.constprop.0,0701ea0c,
__cxa_allocate_exception,0701eae0,
__cxa_free_exception,0701eb24,
_GLOBAL__sub_I__ZN9__gnu_cxx9__freeresEv,0701eb50,
__cxa_end_cleanup,0701ed04,
__cxa_type_match,0701ed14,
__cxa_begin_cleanup,0701ee48,
__gnu_end_cleanup,0701eefc,
__cxa_begin_catch,0701efb0,
__cxa_end_catch,0701f07c,
_ZNSt9exceptionD2Ev,0701f15c,
_ZNSt9exceptionD1Ev,0701f15c,
_ZNSt13bad_exceptionD2Ev,0701f160,
_ZNSt13bad_exceptionD1Ev,0701f160,
_ZNKSt9exception4whatEv,0701f164,
_ZGTtNKSt9exception4whatEv,0701f164,
_ZNKSt13bad_exception4whatEv,0701f170,
_ZGTtNKSt13bad_exception4whatEv,0701f170,
_ZNSt13bad_exceptionD0Ev,0701f17c,
_ZL15eh_globals_dtorPv,0701f194,
__cxa_get_globals_fast,0701f1d0,
__cxa_get_globals,0701f208,
_GLOBAL__sub_I__ZN17__eh_globals_init7_S_initE,0701f27c,
_GLOBAL__sub_D__ZN17__eh_globals_init7_S_initE,0701f2bc,
_ZL28read_encoded_value_with_basehjPKhPj,0701f2f0,
_ZL21base_of_encoded_valuehP15_Unwind_Context,0701f45c,
_ZL17parse_lsda_headerP15_Unwind_ContextPKhP16lsda_header_info,0701f4b4,
__gxx_personality_v0,0701f58c,
_ZN10__cxxabiv111__terminateEPFvvE,0701fc2c,
_ZSt9terminatev,0701fc40,
_ZN10__cxxabiv112__unexpectedEPFvvE,0701fc58,
_ZSt10unexpectedv,0701fc64,
_ZSt13get_terminatev,0701fc7c,
_ZSt14get_unexpectedv,0701fc90,
_ZL23__gxx_exception_cleanup19_Unwind_Reason_CodeP21_Unwind_Control_Block,0701fca4,
__cxa_init_primary_exception,0701fd04,
__cxa_throw,0701fd58,
__cxa_rethrow,0701fdac,
_ZNKSt13runtime_error4whatEv,0701fe5c,
_ZNKSt11logic_error4whatEv,0701fe5c,
_ZNSt11logic_errorD1Ev,0701fe64,
_ZNSt11logic_errorD2Ev,0701fe64,
_ZNSt12length_errorD1Ev,0701fefc,
_ZNSt12length_errorD2Ev,0701fefc,
_ZNSt12out_of_rangeD2Ev,0701ff94,
_ZNSt12out_of_rangeD1Ev,0701ff94,
_ZNSt11logic_errorD0Ev,0702002c,
_ZNSt12length_errorD0Ev,070200cc,
_ZNSt12out_of_rangeD0Ev,0702016c,
_ZNSt11logic_errorC1EPKc,0702020c,
_ZNSt11logic_errorC2EPKc,0702020c,
_ZNSt12length_errorC1EPKc,070202e0,
_ZNSt12length_errorC2EPKc,070202e0,
_ZNSt12out_of_rangeC1EPKc,07020300,
_ZNSt12out_of_rangeC2EPKc,07020300,
_ZNSs4_Rep9_S_createEjjRKSaIcE,07020320,
_ZNSs4_Rep10_M_destroyERKSaIcE,070203a4,
_ZN10__cxxabiv1L24__is_gxx_exception_classEPc,070203a8,
__cxa_call_terminate,07020418,
__cxa_call_unexpected,07020444,
ceil,07020598,
roundf,070206d4,
log2,07020740,
floor,070209c0,
floorf,07020b04,
with_errno,07020bc4,
__math_divzero,07020be8,
__math_invalid,07020c38,
__popcountsi2,07020c54,
__fixsfdi,07020c98,
__aeabi_f2lz,07020c98,
__fixunssfdi,07020cc8,
__aeabi_f2ulz,07020cc8,
__udivmoddi4,07020d08,
selfrel_offset31,07020e28,
search_EIT_table,07020e40,
__gnu_unwind_get_pr_addr,07020ed0,
get_eit_entry,07020f10,
restore_non_core_regs,0702101c,
_Unwind_decode_typeinfo_ptr.constprop.0,070210a4,
_Unwind_DebugHook,070210b8,
unwind_phase2,070210bc,
unwind_phase2_forced,07021120,
__gnu_Unwind_RaiseException,07021260,
__gnu_Unwind_ForcedUnwind,07021304,
__gnu_Unwind_Resume,0702132c,
__gnu_Unwind_Resume_or_Rethrow,070213a0,
_Unwind_Complete,070213c0,
_Unwind_DeleteException,070213c4,
_Unwind_VRS_Get,070213dc,
_Unwind_GetGR,07021448,
_Unwind_VRS_Set,07021474,
_Unwind_SetGR,070214e0,
__gnu_Unwind_Backtrace,0702150c,
__gnu_unwind_pr_common,070215cc,
__aeabi_unwind_cpp_pr0,070219dc,
__aeabi_unwind_cpp_pr1,070219e4,
__aeabi_unwind_cpp_pr2,070219ec,
_Unwind_VRS_Pop,070219f4,
next_unwind_byte,07021e18,
_Unwind_GetGR.constprop.0,07021e7c,
unwind_UCB_from_context,07021ea8,
__gnu_unwind_execute,07021eac,
__gnu_unwind_frame,07022310,
_Unwind_GetRegionStart,07022358,
_Unwind_GetLanguageSpecificData,07022368,
_Unwind_GetDataRelBase,07022384,
_Unwind_GetTextRelBase,0702238c,
strncmp,07022394,
strchr,07022478,
getenv,070225a8,
strlen,070225cc,
memmove,07022628,
sprintf,07022778,
memchr,070227e0,
memcmp,070228c0,
_strtoul_l.isra.0,07022998,
strtoul,07022b70,
calloc,07022ba4,
_vsnprintf_r,07022bc4,
vsnprintf,07022c70,
_fclose_r,07022ca8,
_calloc_r,07022df0,
__smakebuf_r,07022eb0,
realloc,07022fdc,
memalign,07022ffc,
stdio_exit_handler,0702301c,
cleanup_stdio,07023038,
global_stdio_init.part.0,07023094,
__sinit,070231e8,
__sfp_lock_acquire,07023244,
__sfp_lock_release,07023250,
_malloc_r,0702325c,
_malloc_trim_r,070239f8,
_free_r,07023af0,
get_arg,07023dd8,
_svfprintf_r,07024428,
strnlen,0702774c,
__errno,07027794,
malloc,070277a0,
free,070277b8,
memcpy,070277d0,
_findenv_r,070278ec,
memset,070279b4,
_realloc_r,07027aa8,
_fwalk_sglue,07027f48,
__malloc_lock,07027fb8,
__malloc_unlock,07027fc4,
atexit,07027fd0,
strncpy,07027fe4,
_wcsrtombs_r,070280a8,
__libc_init_array,070280d0,
__sflush_r,07028154,
_fflush_r,07028380,
frexp,07028418,
__env_lock,070284a0,
__env_unlock,070284ac,
__assert_func,070284b8,
_Balloc,07028514,
_Bfree,0702859c,
__multadd,070285b8,
__hi0bits,070286ac,
__lo0bits,0702870c,
__i2b,070287a8,
__multiply,0702884c,
__pow5mult,07028a50,
__lshift,07028b78,
__mcmp,07028cb8,
__mdiff,07028d10,
__d2b,07028f0c,
__locale_mb_cur_max,07029030,
__ssprint_r,07029054,
fiprintf,070290f8,
_memalign_r,07029134,
_wcsnrtombs_l,07029280,
_wcsnrtombs_r,07029408,
__utf8_mbtowc,0702946c,
__sread,07029764,
__swrite,070297a8,
__sseek,07029810,
__sclose,07029854,
_localeconv_r,0702985c,
quorem,07029880,
_dtoa_r,07029a38,
_wcrtomb_r,0702ac50,
__register_exitproc,0702acf0,
__ssputs_r,0702ada0,
__utf8_wctomb,0702aec8,
get_arg,0702afb8,
_vfiprintf_r,0702b604,
__sbprintf,0702d904,
__sprint_r,0702d9bc,
__swsetup_r,0702d9ec,
__sfvwrite_r,0702db24,
_fstat_r,0702dfd8,
__getreent,0702e050,
__get_handle,0702e07c,
_close_r,0702e0b8,
null_write,0702e1ac,
_isatty_r,0702e1b4,
_lseek_r,0702e1bc,
_read_r,0702e240,
_sbrk_r,0702e2c0,
__libc_lock_acquire,0702e338,
__libc_lock_release,0702e354,
__libc_lock_acquire_recursive,0702e370,
__libc_lock_release_recursive,0702e38c,
_write_r,0702e3a8,
_fini,0702e428,
_TEXT_END,0702e440,
